recommendation,segment,ichome_title,jan,price,url,reason,next_check
S,携帯PC/Steam Deck,ASUS ROG Xbox Ally X 1TB ブラック,0199291152984,149000,https://www.1-chome.com/wineDetail/7780/7780,高単価で既存せどりナビのSteam Deck/Xbox系と近い。型番JANも安定している。,ヤフオク落札実績と他業者取扱有無
S,携帯PC/Steam Deck,Steam Deck 有機EL 1TB WHITE 限定版,0814585022513,131000,https://www.1-chome.com/wineDetail/6285/6285,高単価で既存せどりナビのSteam Deck/Xbox系と近い。型番JANも安定している。,ヤフオク落札実績と他業者取扱有無
S,PS5 限定/同梱本体,PlayStation5 Slim コントローラー ダブルパック CFIJ-10018,4948872016940,99000,https://www.1-chome.com/wineDetail/5403/5403,PS5本体派生で単価が高く、既存PS5監視との比較に向く。,通常PS5との差額、ヤフオク落札実績
S,PS5 限定/同梱本体,"PlayStation5 Slim ""フォートナイト"" CFIJ-10027",4948872017190,93500,https://www.1-chome.com/wineDetail/6308/6308,PS5本体派生で単価が高く、既存PS5監視との比較に向く。,通常PS5との差額、ヤフオク落札実績
S,PS5 限定/同梱本体,PlayStation5 Slim “モンスターハンターワイルズ” 同梱版,4948872017169,93500,https://www.1-chome.com/wineDetail/6451/6451,PS5本体派生で単価が高く、既存PS5監視との比較に向く。,通常PS5との差額、ヤフオク落札実績
S,PS5 限定/同梱本体,PlayStation5 Slim デジタル・エディション コントローラー ダブルパック CFIJ-10019,4948872016957,84000,https://www.1-chome.com/wineDetail/5404/5404,PS5本体派生で単価が高く、既存PS5監視との比較に向く。,通常PS5との差額、ヤフオク落札実績
S,携帯PC/Steam Deck,ASUS ROG Xbox Ally 512GB ホワイト,0199291143319,81200,https://www.1-chome.com/wineDetail/7781/7781,高単価で既存せどりナビのSteam Deck/Xbox系と近い。型番JANも安定している。,ヤフオク落札実績と他業者取扱有無
S,PS5 限定/同梱本体,"PlayStation5 Slim デジタル・エディション ""フォートナイト"" CFIJ-10028",4948872017206,79000,https://www.1-chome.com/wineDetail/6309/6309,PS5本体派生で単価が高く、既存PS5監視との比較に向く。,通常PS5との差額、ヤフオク落札実績
S,PlayStation 限定品,PlayStation5 デジタル・エディション 30周年 CFI-2000B30,4948872416542,75000,https://www.1-chome.com/wineDetail/6121/6121,限定品で価格差・値動きが出やすい。既存PS5周辺機器と近い。,ヤフオクでストア除外後の個人落札価格
S,Switch2 本体/セット,Nintendo Switch 2（日本語・国内専用） Pokemon LEGENDS Z-A Nintendo Switch 2 Edition セット,4902370553505,55000,https://www.1-chome.com/wineDetail/7609/7609,Switch2系は既存監視の中心に近く、セット品は値動き確認価値が高い。,通常版との差額、他業者JAN一致
S,携帯PC/Steam Deck,Steam Deck LCD 256GB,0814585022056,50000,https://www.1-chome.com/wineDetail/5475/5475,高単価で既存せどりナビのSteam Deck/Xbox系と近い。型番JANも安定している。,ヤフオク落札実績と他業者取扱有無
S,PlayStation 限定品,PS5 Edge コントローラー 30周年 CFI-ZCP1J30,4948872416504,40000,https://www.1-chome.com/wineDetail/6120/6120,限定品で価格差・値動きが出やすい。既存PS5周辺機器と近い。,ヤフオクでストア除外後の個人落札価格
S,PlayStation 限定品,PlayStation Portal(TM) リモートプレーヤー 30周年 CFIJ-18030,4948872017244,34000,https://www.1-chome.com/wineDetail/6119/6119,限定品で価格差・値動きが出やすい。既存PS5周辺機器と近い。,ヤフオクでストア除外後の個人落札価格
A,Xbox 本体/上位周辺機器,Xbox Series S 1TB XXU-00015,4549576215563,64600,https://www.1-chome.com/wineDetail/5271/5271,Xbox系は既存カテゴリあり。高単価品は監視候補になる。,ヤフオク落札数と回転率
A,Xbox 本体/上位周辺機器,Xbox Series S 512 GB RRS-00015,4549576167718,55500,https://www.1-chome.com/wineDetail/1190/1190,Xbox系は既存カテゴリあり。高単価品は監視候補になる。,ヤフオク落札数と回転率
A,Switch 限定本体,Nintendo Switch (有機ELモデル) スカーレット・バイオレット,4902370550412,45000,https://www.1-chome.com/wineDetail/4459/4459,既存Switch監視と近く、限定カラー/同梱版として比較価値がある。,通常有機ELとの買取差額
A,Switch 限定本体,Nintendo Switch (有機ELモデル) スプラトゥーン3,4902370549706,45000,https://www.1-chome.com/wineDetail/4155/4155,既存Switch監視と近く、限定カラー/同梱版として比較価値がある。,通常有機ELとの買取差額
A,Switch 限定本体,Nintendo Switch (有機ELモデル) ゼルダの伝説,4902370550481,45000,https://www.1-chome.com/wineDetail/4973/4973,既存Switch監視と近く、限定カラー/同梱版として比較価値がある。,通常有機ELとの買取差額
A,Switch 限定本体,Nintendo Switch (有機ELモデル) マリオレッド,4902370551495,41000,https://www.1-chome.com/wineDetail/5279/5279,既存Switch監視と近く、限定カラー/同梱版として比較価値がある。,通常有機ELとの買取差額
A,PlayStation 周辺機器,PlayStation Portal リモートプレーヤー ブラック CFIJ-18001,4948872017251,34000,https://www.1-chome.com/wineDetail/6364/6364,既存のPS5系監視と近く、JAN照合しやすい。,買取一丁目以外の取扱有無
A,PlayStation 周辺機器,PS5 Edge コントローラー ブラック CFI-ZCP1J01,4948872416603,26200,https://www.1-chome.com/wineDetail/6366/6366,既存のPS5系監視と近く、JAN照合しやすい。,買取一丁目以外の取扱有無
A,PlayStation 周辺機器,PS5 Edge コントローラー CFI-ZCP1J,4948872415712,24200,https://www.1-chome.com/wineDetail/4702/4702,既存のPS5系監視と近く、JAN照合しやすい。,買取一丁目以外の取扱有無
A,Xbox 本体/上位周辺機器,Xbox Elite ワイヤレス コントローラー シリーズ 2 – Halo Infinite リミテッド エディション,4549576167893,24200,https://www.1-chome.com/wineDetail/1880/1880,Xbox系は既存カテゴリあり。高単価品は監視候補になる。,ヤフオク落札数と回転率
A,PlayStation 周辺機器,PlayStation PULSE Explore ワイヤレスイヤホン CFI-ZWE1J,4948872416245,23000,https://www.1-chome.com/wineDetail/5487/5487,既存のPS5系監視と近く、JAN照合しやすい。,買取一丁目以外の取扱有無
A,PlayStation 周辺機器,PlayStation PULSE Explore ワイヤレスイヤホン ミッドナイト ブラック CFI-ZWE1J01,4948872416641,23000,https://www.1-chome.com/wineDetail/6365/6365,既存のPS5系監視と近く、JAN照合しやすい。,買取一丁目以外の取扱有無
A,PlayStation 周辺機器,PlayStation PULSE Explore ワイヤレスイヤホン CFI-ZWE1JC,4948872416900,22000,https://www.1-chome.com/wineDetail/8478/8478,既存のPS5系監視と近く、JAN照合しやすい。,買取一丁目以外の取扱有無
A,Xbox 本体/上位周辺機器,Xbox Elite コントローラー シリーズ 2 ブラック FST-00009,4549576126906,16800,https://www.1-chome.com/wineDetail/1828/1828,Xbox系は既存カテゴリあり。高単価品は監視候補になる。,ヤフオク落札数と回転率
A,Xbox 本体/上位周辺機器,Xbox Elite コントローラー シリーズ 2 ブルー RFZ-00019,4549576206844,14100,https://www.1-chome.com/wineDetail/4993/4993,Xbox系は既存カテゴリあり。高単価品は監視候補になる。,ヤフオク落札数と回転率
A,Xbox 本体/上位周辺機器,Xbox Elite コントローラー シリーズ 2 レッド RFZ-00015,4549576206837,14100,https://www.1-chome.com/wineDetail/4992/4992,Xbox系は既存カテゴリあり。高単価品は監視候補になる。,ヤフオク落札数と回転率
A,Xbox 本体/上位周辺機器,Xbox Elite コントローラー シリーズ 2 ホワイト 4IK-00003,4549576186054,10500,https://www.1-chome.com/wineDetail/4342/4342,Xbox系は既存カテゴリあり。高単価品は監視候補になる。,ヤフオク落札数と回転率
A,Switch2 Editionソフト,【NS2】ゼルダの伝説 ティアーズ オブ ザ キングダム Nintendo Switch 2 Edition,4902370553321,6800,https://www.1-chome.com/wineDetail/7071/7071,Switch2系で既存監視と近いが、単価は低めなので本体セットより優先度を下げる。,発売日、ヤフオク落札数、通常Switch版との差額
A,Switch2 Editionソフト,【NS2】スーパー マリオパーティ ジャンボリー Nintendo Switch 2 Edition ＋ ジャンボリーTV,4902370553352,6600,https://www.1-chome.com/wineDetail/7068/7068,Switch2系で既存監視と近いが、単価は低めなので本体セットより優先度を下げる。,発売日、ヤフオク落札数、通常Switch版との差額
A,Switch2 Editionソフト,【NS2】スーパーマリオブラザーズ ワンダー Nintendo Switch 2 Edition + みんなでリンリンパーク,4902370554113,6600,https://www.1-chome.com/wineDetail/8421/8421,Switch2系で既存監視と近いが、単価は低めなので本体セットより優先度を下げる。,発売日、ヤフオク落札数、通常Switch版との差額
A,Switch2 Editionソフト,【NS2】ゼルダの伝説 ブレス オブ ザ ワイルド Nintendo Switch 2 Edition,4902370553291,6600,https://www.1-chome.com/wineDetail/7072/7072,Switch2系で既存監視と近いが、単価は低めなので本体セットより優先度を下げる。,発売日、ヤフオク落札数、通常Switch版との差額
A,Switch2 Editionソフト,【NS2】ゼノブレイドクロス ディフィニティブエディション Nintendo Switch 2 Edition,4902370554243,6500,https://www.1-chome.com/wineDetail/8422/8422,Switch2系で既存監視と近いが、単価は低めなので本体セットより優先度を下げる。,発売日、ヤフオク落札数、通常Switch版との差額
A,Switch2 Editionソフト,【NS2】星のカービィ ディスカバリー Nintendo Switch 2 Edition ＋ スターリーワールド,4902370553383,6200,https://www.1-chome.com/wineDetail/7424/7424,Switch2系で既存監視と近いが、単価は低めなので本体セットより優先度を下げる。,発売日、ヤフオク落札数、通常Switch版との差額
A,Switch2 Editionソフト,【NS2】桃太郎電鉄2 ～あなたの町も きっとある～ Nintendo Switch 2 Edition 東日本編＋西日本編/Switch 2,4988602179231,6000,https://www.1-chome.com/wineDetail/7820/7820,Switch2系で既存監視と近いが、単価は低めなので本体セットより優先度を下げる。,発売日、ヤフオク落札数、通常Switch版との差額
A,Switch2 Editionソフト,【NS2】牧場物語 Lets！風のグランドバザール Nintendo Switch 2 Edition,4535506303950,5200,https://www.1-chome.com/wineDetail/7422/7422,Switch2系で既存監視と近いが、単価は低めなので本体セットより優先度を下げる。,発売日、ヤフオク落札数、通常Switch版との差額
A,Switch2 Editionソフト,【NS2】あつまれ どうぶつの森 Nintendo Switch 2 Edition,4902370553901,5000,https://www.1-chome.com/wineDetail/8312/8312,Switch2系で既存監視と近いが、単価は低めなので本体セットより優先度を下げる。,発売日、ヤフオク落札数、通常Switch版との差額
B,高単価ゲーム商品,PlayStation5 デジタル・エディション “モンスターハンターワイルズ” 同梱版,4948872017176,79000,https://www.1-chome.com/wineDetail/6452/6452,高単価だが、既存監視との近さは要確認。,他業者取扱有無
B,高単価ゲーム商品,PlayStation4 500GB CUH-2200AB01,4948872414647,36500,https://www.1-chome.com/wineDetail/687/687,高単価だが、既存監視との近さは要確認。,他業者取扱有無
B,高単価ゲーム商品,PlayStation5 新型モデル CFI-1200A01,4948872415552,35000,https://www.1-chome.com/wineDetail/6746/6746,高単価だが、既存監視との近さは要確認。,他業者取扱有無
B,高単価ゲーム商品,Logicool G ステアリングコントローラー LPRC-15000D ブラック,4943765048145,32000,https://www.1-chome.com/wineDetail/5529/5529,高単価だが、既存監視との近さは要確認。,他業者取扱有無
B,高単価ゲーム商品,Nintendo Switch Sports セット,4902370551013,31500,https://www.1-chome.com/wineDetail/4570/4570,高単価だが、既存監視との近さは要確認。,他業者取扱有無
B,高単価ゲーム商品,PlayStation5 デジタル新型モデル CFI-1200B01,4948872415545,30000,https://www.1-chome.com/wineDetail/6747/6747,高単価だが、既存監視との近さは要確認。,他業者取扱有無
B,新作/限定コントローラー,PS5 ワイヤレスコントローラー “DEATH STRANDING 2: ON THE BEACH”リミテッドエディション,4948872850292,10000,https://www.1-chome.com/wineDetail/7115/7115,JANは安定するが、色・限定違いが多く増えすぎるため優先範囲を絞りたい。,直近取引予定があるものだけ追加
B,新作/限定コントローラー,PS5 ワイヤレスコントローラー“007 First Light“ リミテッドエディション CFI-ZCT2JZF,4948872417433,10000,https://www.1-chome.com/wineDetail/9274/9274,JANは安定するが、色・限定違いが多く増えすぎるため優先範囲を絞りたい。,直近取引予定があるものだけ追加
B,新作/限定コントローラー,Nintendo Switch 2 Proコントローラー バイオハザード レクイエム エディション BEEAFSSKD,4902370553802,9600,https://www.1-chome.com/wineDetail/8374/8374,JANは安定するが、色・限定違いが多く増えすぎるため優先範囲を絞りたい。,直近取引予定があるものだけ追加
B,新作/限定コントローラー,Nintendo Switch 2 Proコントローラー,4902370552843,9000,https://www.1-chome.com/wineDetail/7051/7051,JANは安定するが、色・限定違いが多く増えすぎるため優先範囲を絞りたい。,直近取引予定があるものだけ追加
B,新作ソフト,【NS2】ぽこ あ ポケモン,4521329460420,6700,https://www.1-chome.com/wineDetail/8344/8344,価格は低めだが新作は値動き確認価値あり。数が増えやすいので厳選向き。,発売日とヤフオク落札数
B,新作ソフト,【NS2】ゼルダ無双 封印戦記/Switch 2,4988615211102,6700,https://www.1-chome.com/wineDetail/7822/7822,価格は低めだが新作は値動き確認価値あり。数が増えやすいので厳選向き。,発売日とヤフオク落札数
B,新作ソフト,【NS2】ドンキーコング バナンザ,4902370553413,6700,https://www.1-chome.com/wineDetail/7069/7069,価格は低めだが新作は値動き確認価値あり。数が増えやすいので厳選向き。,発売日とヤフオク落札数
B,新作ソフト,【PS5】仁王3,4988615211331,6500,https://www.1-chome.com/wineDetail/8230/8230,価格は低めだが新作は値動き確認価値あり。数が増えやすいので厳選向き。,発売日とヤフオク落札数
B,新作ソフト,【NS2】マリオテニス フィーバー,4902370553932,6200,https://www.1-chome.com/wineDetail/8464/8464,価格は低めだが新作は値動き確認価値あり。数が増えやすいので厳選向き。,発売日とヤフオク落札数
B,新作ソフト,【NS2】ヨッシーとフカシギの図鑑,4902370554151,5900,https://www.1-chome.com/wineDetail/9150/9150,価格は低めだが新作は値動き確認価値あり。数が増えやすいので厳選向き。,発売日とヤフオク落札数
B,新作ソフト,【NS2】カービィのエアライダー,4902370553642,5800,https://www.1-chome.com/wineDetail/7823/7823,価格は低めだが新作は値動き確認価値あり。数が増えやすいので厳選向き。,発売日とヤフオク落札数
B,新作ソフト,【PS5】SILENT HILL f,4988602178968,5800,https://www.1-chome.com/wineDetail/7557/7557,価格は低めだが新作は値動き確認価値あり。数が増えやすいので厳選向き。,発売日とヤフオク落札数
B,新作ソフト,【PS5】黒神話：悟空,4580695760930,5800,https://www.1-chome.com/wineDetail/6418/6418,価格は低めだが新作は値動き確認価値あり。数が増えやすいので厳選向き。,発売日とヤフオク落札数
B,新作ソフト,【PS5】プラグマタ,4976219137799,5500,https://www.1-chome.com/wineDetail/8533/8533,価格は低めだが新作は値動き確認価値あり。数が増えやすいので厳選向き。,発売日とヤフオク落札数
B,新作ソフト,【NS2】ドラゴンクエストVII Reimagined -Switch,4988601012089,5200,https://www.1-chome.com/wineDetail/8232/8232,価格は低めだが新作は値動き確認価値あり。数が増えやすいので厳選向き。,発売日とヤフオク落札数
B,新作ソフト,【PS5】Ghost of Yotei,4948872017305,5200,https://www.1-chome.com/wineDetail/7585/7585,価格は低めだが新作は値動き確認価値あり。数が増えやすいので厳選向き。,発売日とヤフオク落札数
B,新作ソフト,【PS5】アストロボット,4948872017183,5000,https://www.1-chome.com/wineDetail/6047/6047,価格は低めだが新作は値動き確認価値あり。数が増えやすいので厳選向き。,発売日とヤフオク落札数
B,新作ソフト,【PS5】DEATH STRANDING 2: ON THE BEACH,4948872017213,4600,https://www.1-chome.com/wineDetail/7116/7116,価格は低めだが新作は値動き確認価値あり。数が増えやすいので厳選向き。,発売日とヤフオク落札数
B,新作ソフト,【PS5】Stellar Blade,4948872016858,4200,https://www.1-chome.com/wineDetail/5797/5797,価格は低めだが新作は値動き確認価値あり。数が増えやすいので厳選向き。,発売日とヤフオク落札数
B,新作ソフト,【NS2】REANIMAL,4571574970410,4000,https://www.1-chome.com/wineDetail/8401/8401,価格は低めだが新作は値動き確認価値あり。数が増えやすいので厳選向き。,発売日とヤフオク落札数
B,新作ソフト,【PS5】Alan Wake 2 Deluxe,4595057030064,4000,https://www.1-chome.com/wineDetail/6212/6212,価格は低めだが新作は値動き確認価値あり。数が増えやすいので厳選向き。,発売日とヤフオク落札数
B,新作ソフト,【NS2】龍が如く０ 誓いの場所 Director’s Cut,4974365870584,3600,https://www.1-chome.com/wineDetail/7097/7097,価格は低めだが新作は値動き確認価値あり。数が増えやすいので厳選向き。,発売日とヤフオク落札数
B,新作ソフト,【PS5】Split Fiction,4938833024749,3600,https://www.1-chome.com/wineDetail/6816/6816,価格は低めだが新作は値動き確認価値あり。数が増えやすいので厳選向き。,発売日とヤフオク落札数
B,新作ソフト,【PS5】Marvel’s Spider-Man 2,4948872016865,3000,https://www.1-chome.com/wineDetail/5272/5272,価格は低めだが新作は値動き確認価値あり。数が増えやすいので厳選向き。,発売日とヤフオク落札数
B,新作ソフト,【PS5】Minecraft,4595057030071,1900,https://www.1-chome.com/wineDetail/6536/6536,価格は低めだが新作は値動き確認価値あり。数が増えやすいので厳選向き。,発売日とヤフオク落札数
保留,周辺機器/低単価ソフト,Nintendo Switch Lite ハイラルエディション,4902370552232,29000,https://www.1-chome.com/wineDetail/5858/5858,候補数が多いため、取引予定や明確な値動きがある場合に追加する。,取引予定の有無
保留,周辺機器/低単価ソフト,Nintendo Switch Lite コーラル あつまれ どうぶつの森セット,4902370551471,28000,https://www.1-chome.com/wineDetail/5400/5400,候補数が多いため、取引予定や明確な値動きがある場合に追加する。,取引予定の有無
保留,周辺機器/低単価ソフト,Nintendo Switch Lite ターコイズ あつまれ どうぶつの森セット,4902370551457,28000,https://www.1-chome.com/wineDetail/5399/5399,候補数が多いため、取引予定や明確な値動きがある場合に追加する。,取引予定の有無
保留,周辺機器/低単価ソフト,Steam Controller コントローラー,0814585022803,23500,https://www.1-chome.com/wineDetail/8821/8821,候補数が多いため、取引予定や明確な値動きがある場合に追加する。,取引予定の有無
保留,周辺機器/低単価ソフト,Steam Controller コントローラー,0814585022803,23500,https://www.1-chome.com/wineDetail/8821/8821,候補数が多いため、取引予定や明確な値動きがある場合に追加する。,取引予定の有無
保留,JANなし,Xbox Elite ワイヤレス コントローラー シリーズ 2 – DOOM: The Dark Ages 限定エディション,,23000,https://www.1-chome.com/wineDetail/7000/7000,JANがないため、他業者照合や商品追加の前に実物確認が必要。,JANまたは型番の確認
保留,周辺機器/低単価ソフト,PULSE Elite ワイヤレスヘッドセット CFI-ZWH2J,4948872416207,14000,https://www.1-chome.com/wineDetail/5523/5523,候補数が多いため、取引予定や明確な値動きがある場合に追加する。,取引予定の有無
保留,周辺機器/低単価ソフト,Xbox ワイヤレス ヘッドセット TLL-00022,4549576210636,11000,https://www.1-chome.com/wineDetail/6310/6310,候補数が多いため、取引予定や明確な値動きがある場合に追加する。,取引予定の有無
保留,周辺機器/低単価ソフト,Xbox ワイヤレス コントローラー - Forza Horizon 5 リミテッド エディション,4549576177342,10500,https://www.1-chome.com/wineDetail/1879/1879,候補数が多いため、取引予定や明確な値動きがある場合に追加する。,取引予定の有無
保留,周辺機器/低単価ソフト,PULSE Elite ワイヤレスヘッドセット ミッドナイト ブラック CFI-ZWH2J01,4948872416610,10000,https://www.1-chome.com/wineDetail/6367/6367,候補数が多いため、取引予定や明確な値動きがある場合に追加する。,取引予定の有無
保留,周辺機器/低単価ソフト,PULSE 3D(TM) ワイヤレスヘッドセット CFI-ZWH1J,4948872415125,9500,https://www.1-chome.com/wineDetail/1315/1315,候補数が多いため、取引予定や明確な値動きがある場合に追加する。,取引予定の有無
保留,周辺機器/低単価ソフト,PULSE 3D(TM) ワイヤレスヘッドセット CFI-ZWH1J01,4948872415248,9500,https://www.1-chome.com/wineDetail/2091/2091,候補数が多いため、取引予定や明確な値動きがある場合に追加する。,取引予定の有無
保留,周辺機器/低単価ソフト,PULSE 3D(TM) ワイヤレスヘッドセット CFI-ZWH1J06,4948872415804,9500,https://www.1-chome.com/wineDetail/4438/4438,候補数が多いため、取引予定や明確な値動きがある場合に追加する。,取引予定の有無
保留,周辺機器/低単価ソフト,Xbox ワイヤレス コントローラー – Starfield 限定エディション,4549576194172,9500,https://www.1-chome.com/wineDetail/5141/5141,候補数が多いため、取引予定や明確な値動きがある場合に追加する。,取引予定の有無
保留,周辺機器/低単価ソフト,Xbox ワイヤレス コントローラー – 20 周年 スペシャル エディション,4549576177328,9000,https://www.1-chome.com/wineDetail/2024/2024,候補数が多いため、取引予定や明確な値動きがある場合に追加する。,取引予定の有無
保留,周辺機器/低単価ソフト,PS4 コントローラー ゴールド CUH-ZCT2J14,4948872414357,7000,https://www.1-chome.com/wineDetail/1156/1156,候補数が多いため、取引予定や明確な値動きがある場合に追加する。,取引予定の有無
保留,周辺機器/低単価ソフト,PS4 コントローラー レッド・カモフラージュ CUH-ZCT2J30,4948872414906,7000,https://www.1-chome.com/wineDetail/3333/3333,候補数が多いため、取引予定や明確な値動きがある場合に追加する。,取引予定の有無
保留,周辺機器/低単価ソフト,PS4 コントローラー ジェット・ブラック CUH-ZCT2J,4948872414203,6700,https://www.1-chome.com/wineDetail/1155/1155,候補数が多いため、取引予定や明確な値動きがある場合に追加する。,取引予定の有無
保留,周辺機器/低単価ソフト,PS4 コントローラー ホワイト CUH-ZCT2J13,4948872414340,6700,https://www.1-chome.com/wineDetail/1154/1154,候補数が多いため、取引予定や明確な値動きがある場合に追加する。,取引予定の有無
保留,周辺機器/低単価ソフト,PS4 コントローラー マグマ・レッド CUH-ZCT2J11,4948872414296,6700,https://www.1-chome.com/wineDetail/3332/3332,候補数が多いため、取引予定や明確な値動きがある場合に追加する。,取引予定の有無
保留,周辺機器/低単価ソフト,PS4 コントローラー ミッドナイト・ブルー CUH-ZCT2J22,4948872414562,6700,https://www.1-chome.com/wineDetail/1163/1163,候補数が多いため、取引予定や明確な値動きがある場合に追加する。,取引予定の有無
保留,周辺機器/低単価ソフト,Xbox コントローラー アークティック カモ QAU-00140,4549576230382,6400,https://www.1-chome.com/wineDetail/5785/5785,候補数が多いため、取引予定や明確な値動きがある場合に追加する。,取引予定の有無
保留,周辺機器/低単価ソフト,Xbox コントローラー グリーン QAU-00092,4549576187129,6400,https://www.1-chome.com/wineDetail/4836/4836,候補数が多いため、取引予定や明確な値動きがある場合に追加する。,取引予定の有無
保留,周辺機器/低単価ソフト,Xbox コントローラー ゴースト サイファー QAU-00159,4549576241708,6400,https://www.1-chome.com/wineDetail/6272/6272,候補数が多いため、取引予定や明確な値動きがある場合に追加する。,取引予定の有無
保留,周辺機器/低単価ソフト,Xbox コントローラー スカイ サイファー QAU-00152,4549576241692,6400,https://www.1-chome.com/wineDetail/6012/6012,候補数が多いため、取引予定や明確な値動きがある場合に追加する。,取引予定の有無
保留,周辺機器/低単価ソフト,Xbox コントローラー ストームクラウド ベイパー QAU-00131,4549576210667,6400,https://www.1-chome.com/wineDetail/5333/5333,候補数が多いため、取引予定や明確な値動きがある場合に追加する。,取引予定の有無
保留,周辺機器/低単価ソフト,Xbox コントローラー ドリーム ベイパー QAU-00127,4549576210650,6400,https://www.1-chome.com/wineDetail/5609/5609,候補数が多いため、取引予定や明確な値動きがある場合に追加する。,取引予定の有無
保留,周辺機器/低単価ソフト,Xbox コントローラー ノクターナル ベイパー,4549576189871,6400,https://www.1-chome.com/wineDetail/5859/5859,候補数が多いため、取引予定や明確な値動きがある場合に追加する。,取引予定の有無
保留,周辺機器/低単価ソフト,Xbox コントローラー パルス サイファー QAU-00166,4549576241715,6400,https://www.1-chome.com/wineDetail/6406/6406,候補数が多いため、取引予定や明確な値動きがある場合に追加する。,取引予定の有無
保留,周辺機器/低単価ソフト,Xbox コントローラー パープル QAU-00070,4549576186061,6400,https://www.1-chome.com/wineDetail/5288/5288,候補数が多いため、取引予定や明確な値動きがある場合に追加する。,取引予定の有無
保留,周辺機器/低単価ソフト,Xbox コントローラー ピンク QAU-00084,4549576183381,6400,https://www.1-chome.com/wineDetail/4763/4763,候補数が多いため、取引予定や明確な値動きがある場合に追加する。,取引予定の有無
保留,周辺機器/低単価ソフト,Xbox コントローラー ファイヤー ベイパー,4549576241586,6400,https://www.1-chome.com/wineDetail/5860/5860,候補数が多いため、取引予定や明確な値動きがある場合に追加する。,取引予定の有無
保留,周辺機器/低単価ソフト,Xbox コントローラー ブルー QAU-00005/EP2-29941,4549576167862,6400,https://www.1-chome.com/wineDetail/1334/1334,候補数が多いため、取引予定や明確な値動きがある場合に追加する。,取引予定の有無
保留,周辺機器/低単価ソフト,Xbox コントローラー ボルト QAU-00025,4549576174273,6400,https://www.1-chome.com/wineDetail/1645/1645,候補数が多いため、取引予定や明確な値動きがある場合に追加する。,取引予定の有無
保留,周辺機器/低単価ソフト,Xbox コントローラー レッド QAU-00015,4549576173672,6400,https://www.1-chome.com/wineDetail/1362/1362,候補数が多いため、取引予定や明確な値動きがある場合に追加する。,取引予定の有無
保留,周辺機器/低単価ソフト,Xbox ワイヤレス コントローラー Arctic Camo スペシャル エディション,4549576157443,6400,https://www.1-chome.com/wineDetail/1647/1647,候補数が多いため、取引予定や明確な値動きがある場合に追加する。,取引予定の有無
保留,周辺機器/低単価ソフト,Xbox ワイヤレス コントローラー – DOOM: The Dark Ages 限定エディション,4549576256559,6400,https://www.1-chome.com/wineDetail/7001/7001,候補数が多いため、取引予定や明確な値動きがある場合に追加する。,取引予定の有無
保留,周辺機器/低単価ソフト,Xbox ワイヤレス コントローラー 「サンキスド バイブス オーピーアイ」特別エディション,4549576208824,6400,https://www.1-chome.com/wineDetail/5138/5138,候補数が多いため、取引予定や明確な値動きがある場合に追加する。,取引予定の有無
保留,周辺機器/低単価ソフト,Xbox ワイヤレス コントローラー 「デイストライク カモ」スペシャルエディション,4549576174266,6400,https://www.1-chome.com/wineDetail/1646/1646,候補数が多いため、取引予定や明確な値動きがある場合に追加する。,取引予定の有無
保留,周辺機器/低単価ソフト,Xbox ワイヤレス コントローラー アイスブレイカー スペシャルエディション EP2-29573,4549576261904,6400,https://www.1-chome.com/wineDetail/8394/8394,候補数が多いため、取引予定や明確な値動きがある場合に追加する。,取引予定の有無
保留,周辺機器/低単価ソフト,Xbox ワイヤレス コントローラー アクア シフト,4549576174280,6400,https://www.1-chome.com/wineDetail/1878/1878,候補数が多いため、取引予定や明確な値動きがある場合に追加する。,取引予定の有無
保留,周辺機器/低単価ソフト,Xbox ワイヤレス コントローラー ゴールド シャドウ QAU-00123,4549576210643,6400,https://www.1-chome.com/wineDetail/5440/5440,候補数が多いため、取引予定や明確な値動きがある場合に追加する。,取引予定の有無
保留,周辺機器/低単価ソフト,Xbox ワイヤレス コントローラー ステラ シフト,4549576183398,6400,https://www.1-chome.com/wineDetail/4765/4765,候補数が多いため、取引予定や明確な値動きがある場合に追加する。,取引予定の有無
保留,周辺機器/低単価ソフト,Xbox ワイヤレス コントローラー ストームブレイカー,4549576261881,6400,https://www.1-chome.com/wineDetail/8392/8392,候補数が多いため、取引予定や明確な値動きがある場合に追加する。,取引予定の有無
保留,周辺機器/低単価ソフト,Xbox ワイヤレス コントローラー ハートブレイカー,4549576261898,6400,https://www.1-chome.com/wineDetail/8393/8393,候補数が多いため、取引予定や明確な値動きがある場合に追加する。,取引予定の有無
保留,周辺機器/低単価ソフト,Xbox ワイヤレス コントローラー リミックス」特別エディション,4549576207322,6400,https://www.1-chome.com/wineDetail/4995/4995,候補数が多いため、取引予定や明確な値動きがある場合に追加する。,取引予定の有無
保留,周辺機器/低単価ソフト,Xbox ワイヤレス コントローラー ルナ シフト,4549576184463,6400,https://www.1-chome.com/wineDetail/4469/4469,候補数が多いため、取引予定や明確な値動きがある場合に追加する。,取引予定の有無
保留,周辺機器/低単価ソフト,Xbox ワイヤレス コントローラーミネラルカモ,4549576186078,6400,https://www.1-chome.com/wineDetail/4435/4435,候補数が多いため、取引予定や明確な値動きがある場合に追加する。,取引予定の有無
保留,周辺機器/低単価ソフト,Nintendo Switch 2 Samsung Micro SD Express 256GB SDカード,8806095700670,6300,https://www.1-chome.com/wineDetail/7092/7092,候補数が多いため、取引予定や明確な値動きがある場合に追加する。,取引予定の有無
保留,周辺機器/低単価ソフト,Nintendo Switch 2 Sandisk Micro SD Express 256GB SDカード,4523052030185,6300,https://www.1-chome.com/wineDetail/7091/7091,候補数が多いため、取引予定や明確な値動きがある場合に追加する。,取引予定の有無
保留,周辺機器/低単価ソフト,【NS1】スーパーマリオギャラクシー + スーパーマリオギャラクシー 2,4902370553611,6100,https://www.1-chome.com/wineDetail/7608/7608,候補数が多いため、取引予定や明確な値動きがある場合に追加する。,取引予定の有無
保留,周辺機器/低単価ソフト,【NS1】ゼルダの伝説 ブレス オブ ザ ワイルド ＋ エキスパンション・パス,4902370548839,6100,https://www.1-chome.com/wineDetail/2033/2033,候補数が多いため、取引予定や明確な値動きがある場合に追加する。,取引予定の有無
保留,周辺機器/低単価ソフト,【NS1】ゼルダの伝説 ブレス オブ ザ ワイルド,4902370536058,5900,https://www.1-chome.com/wineDetail/1331/1331,候補数が多いため、取引予定や明確な値動きがある場合に追加する。,取引予定の有無
保留,周辺機器/低単価ソフト,【NS1】ドラゴンクエストVII Reimagined -Switch,4988601012072,5800,https://www.1-chome.com/wineDetail/8231/8231,候補数が多いため、取引予定や明確な値動きがある場合に追加する。,取引予定の有無
保留,周辺機器/低単価ソフト,【NS1】大乱闘スマッシュブラザーズ SPECIAL,4902370540734,5600,https://www.1-chome.com/wineDetail/1034/1034,候補数が多いため、取引予定や明確な値動きがある場合に追加する。,取引予定の有無
保留,周辺機器/低単価ソフト,Xbox ワイヤレス ヘッドセット TLL-00003,4549576159607,5500,https://www.1-chome.com/wineDetail/1383/1383,候補数が多いため、取引予定や明確な値動きがある場合に追加する。,取引予定の有無
保留,周辺機器/低単価ソフト,Xbox コントローラー + USB-C 1V8-00005,4549576168128,5400,https://www.1-chome.com/wineDetail/4090/4090,候補数が多いため、取引予定や明確な値動きがある場合に追加する。,取引予定の有無
保留,周辺機器/低単価ソフト,Xbox コントローラー ブラック QAT-00005,4549576167879,5400,https://www.1-chome.com/wineDetail/1332/1332,候補数が多いため、取引予定や明確な値動きがある場合に追加する。,取引予定の有無
保留,周辺機器/低単価ソフト,Xbox コントローラー ホワイト QAS-00005,4549576167848,5200,https://www.1-chome.com/wineDetail/1333/1333,候補数が多いため、取引予定や明確な値動きがある場合に追加する。,取引予定の有無
保留,周辺機器/低単価ソフト,【NS1】スーパーマリオ オデッセイ,4902370537789,5100,https://www.1-chome.com/wineDetail/226/226,候補数が多いため、取引予定や明確な値動きがある場合に追加する。,取引予定の有無
保留,周辺機器/低単価ソフト,【NS1】ルイージマンション3,4902370543964,5100,https://www.1-chome.com/wineDetail/1009/1009,候補数が多いため、取引予定や明確な値動きがある場合に追加する。,取引予定の有無
保留,周辺機器/低単価ソフト,【NS1】スプラトゥーン３,4902370550337,5000,https://www.1-chome.com/wineDetail/4318/4318,候補数が多いため、取引予定や明確な値動きがある場合に追加する。,取引予定の有無
保留,周辺機器/低単価ソフト,【NS1】スーパーマリオブラザーズ ワンダー,4902370551587,5000,https://www.1-chome.com/wineDetail/5330/5330,候補数が多いため、取引予定や明確な値動きがある場合に追加する。,取引予定の有無
保留,周辺機器/低単価ソフト,【NS1】ピクミン4,4902370551150,5000,https://www.1-chome.com/wineDetail/5104/5104,候補数が多いため、取引予定や明確な値動きがある場合に追加する。,取引予定の有無
保留,周辺機器/低単価ソフト,【NS1】マリオカート8 デラックス,4902370536485,5000,https://www.1-chome.com/wineDetail/187/187,候補数が多いため、取引予定や明確な値動きがある場合に追加する。,取引予定の有無
保留,周辺機器/低単価ソフト,【NS1】星のカービィ ディスカバリー,4902370549454,5000,https://www.1-chome.com/wineDetail/3148/3148,候補数が多いため、取引予定や明確な値動きがある場合に追加する。,取引予定の有無
保留,周辺機器/低単価ソフト,【NS1】Fit Boxing 3 -Your パーソナルトレーナー,4965857104454,4900,https://www.1-chome.com/wineDetail/6297/6297,候補数が多いため、取引予定や明確な値動きがある場合に追加する。,取引予定の有無
保留,周辺機器/低単価ソフト,【NS1】Pokemon LEGENDS アルセウス,4902370549034,4900,https://www.1-chome.com/wineDetail/2090/2090,候補数が多いため、取引予定や明確な値動きがある場合に追加する。,取引予定の有無
保留,周辺機器/低単価ソフト,【NS1】スーパーマリオ ３Ｄワールド ＋ フューリーワールド,4902370547115,4850,https://www.1-chome.com/wineDetail/1363/1363,候補数が多いため、取引予定や明確な値動きがある場合に追加する。,取引予定の有無
保留,周辺機器/低単価ソフト,【NS1】あつまれ どうぶつの森,4902370545319,4800,https://www.1-chome.com/wineDetail/1062/1062,候補数が多いため、取引予定や明確な値動きがある場合に追加する。,取引予定の有無
保留,周辺機器/低単価ソフト,【NS1】スーパーマリオブラザーズ U デラックス,4902370541281,4800,https://www.1-chome.com/wineDetail/1148/1148,候補数が多いため、取引予定や明確な値動きがある場合に追加する。,取引予定の有無
保留,周辺機器/低単価ソフト,【NS1】ゼルダの伝説 夢をみる島,4902370543940,4800,https://www.1-chome.com/wineDetail/6145/6145,候補数が多いため、取引予定や明確な値動きがある場合に追加する。,取引予定の有無
保留,周辺機器/低単価ソフト,【NS1】ポケットモンスター スカーレット,4902370550542,4800,https://www.1-chome.com/wineDetail/4517/4517,候補数が多いため、取引予定や明確な値動きがある場合に追加する。,取引予定の有無
保留,周辺機器/低単価ソフト,【NS1】ポケットモンスター バイオレット,4902370550559,4800,https://www.1-chome.com/wineDetail/4518/4518,候補数が多いため、取引予定や明確な値動きがある場合に追加する。,取引予定の有無
保留,周辺機器/低単価ソフト,【NS1】マリオパーティ スーパースターズ,4902370548433,4800,https://www.1-chome.com/wineDetail/1941/1941,候補数が多いため、取引予定や明確な値動きがある場合に追加する。,取引予定の有無
保留,周辺機器/低単価ソフト,【NS1】星のカービィ Wii デラックス,4902370550870,4700,https://www.1-chome.com/wineDetail/4735/4735,候補数が多いため、取引予定や明確な値動きがある場合に追加する。,取引予定の有無
保留,周辺機器/低単価ソフト,【NS1】ドラゴンクエストX 目覚めし五つの種族,4988601011143,4600,https://www.1-chome.com/wineDetail/4340/4340,候補数が多いため、取引予定や明確な値動きがある場合に追加する。,取引予定の有無
保留,周辺機器/低単価ソフト,【NS1】星のカービィ スターアライズ,4902370539073,4600,https://www.1-chome.com/wineDetail/227/227,候補数が多いため、取引予定や明確な値動きがある場合に追加する。,取引予定の有無
保留,周辺機器/低単価ソフト,【NS1】ドンキーコング リターンズ HD,4902370552492,4500,https://www.1-chome.com/wineDetail/6361/6361,候補数が多いため、取引予定や明確な値動きがある場合に追加する。,取引予定の有無
保留,周辺機器/低単価ソフト,【NS1】マリオテニスエース,4902370539455,4500,https://www.1-chome.com/wineDetail/1214/1214,候補数が多いため、取引予定や明確な値動きがある場合に追加する。,取引予定の有無
保留,周辺機器/低単価ソフト,ポケモン ポケなで モンスターボール,4904810958734,4500,https://www.1-chome.com/wineDetail/7790/7790,候補数が多いため、取引予定や明確な値動きがある場合に追加する。,取引予定の有無
保留,周辺機器/低単価ソフト,【NS1】Nintendo Switch Sports,4902370549263,4400,https://www.1-chome.com/wineDetail/3328/3328,候補数が多いため、取引予定や明確な値動きがある場合に追加する。,取引予定の有無
保留,周辺機器/低単価ソフト,【NS1】桃太郎電鉄ワールド ～地球は希望でまわってる！～,4988602176490,4200,https://www.1-chome.com/wineDetail/5348/5348,候補数が多いため、取引予定や明確な値動きがある場合に追加する。,取引予定の有無
保留,周辺機器/低単価ソフト,【NS1】牧場物語 Let's！風のグランドバザール,4535506303905,4100,https://www.1-chome.com/wineDetail/7423/7423,候補数が多いため、取引予定や明確な値動きがある場合に追加する。,取引予定の有無
保留,周辺機器/低単価ソフト,【NS1】桃太郎電鉄2 ～あなたの町も きっとある～ 東日本編＋西日本編,4988602179248,4000,https://www.1-chome.com/wineDetail/7821/7821,候補数が多いため、取引予定や明確な値動きがある場合に追加する。,取引予定の有無
保留,周辺機器/低単価ソフト,【NS1】超おどる メイド イン ワリオ,4902370551600,3900,https://www.1-chome.com/wineDetail/5346/5346,候補数が多いため、取引予定や明確な値動きがある場合に追加する。,取引予定の有無
保留,周辺機器/低単価ソフト,【NS1】デイヴ・ザ・ダイバー ANNIVERSARY EDITION,4510772240123,3700,https://www.1-chome.com/wineDetail/5823/5823,候補数が多いため、取引予定や明確な値動きがある場合に追加する。,取引予定の有無
保留,周辺機器/低単価ソフト,【NS1】Minecraft Legends,4549576214764,3600,https://www.1-chome.com/wineDetail/5017/5017,候補数が多いため、取引予定や明確な値動きがある場合に追加する。,取引予定の有無
保留,周辺機器/低単価ソフト,ゲーム＆ウオッチ ゼルダの伝説,4902370548419,3500,https://www.1-chome.com/wineDetail/2020/2020,候補数が多いため、取引予定や明確な値動きがある場合に追加する。,取引予定の有無
保留,周辺機器/低単価ソフト,Nintendo switch おしゃべりフラワー TAF-S-LVAAA,4902370553475,3400,https://www.1-chome.com/wineDetail/8414/8414,候補数が多いため、取引予定や明確な値動きがある場合に追加する。,取引予定の有無
保留,周辺機器/低単価ソフト,【NS1】ルイージマンション2 HD,4902370551938,3400,https://www.1-chome.com/wineDetail/5871/5871,候補数が多いため、取引予定や明確な値動きがある場合に追加する。,取引予定の有無
保留,周辺機器/低単価ソフト,【NS1】桃太郎電鉄 〜昭和 平成 令和も定番,4988602173222,3300,https://www.1-chome.com/wineDetail/1322/1322,候補数が多いため、取引予定や明確な値動きがある場合に追加する。,取引予定の有無
保留,周辺機器/低単価ソフト,【NS1】世界のアソビ大全51,4902370545784,3100,https://www.1-chome.com/wineDetail/2068/2068,候補数が多いため、取引予定や明確な値動きがある場合に追加する。,取引予定の有無
保留,周辺機器/低単価ソフト,NEOGEO mini ネオジオミニ,4964808400003,3000,https://www.1-chome.com/wineDetail/1105/1105,候補数が多いため、取引予定や明確な値動きがある場合に追加する。,取引予定の有無
保留,周辺機器/低単価ソフト,PS5 HDカメラ CFI-ZEY1G,4948872415095,3000,https://www.1-chome.com/wineDetail/1316/1316,候補数が多いため、取引予定や明確な値動きがある場合に追加する。,取引予定の有無
保留,周辺機器/低単価ソフト,【NS1】マインクラフト,4549576094113,3000,https://www.1-chome.com/wineDetail/1098/1098,候補数が多いため、取引予定や明確な値動きがある場合に追加する。,取引予定の有無
保留,周辺機器/低単価ソフト,ゲーム＆ウオッチ スーパーマリオブラザーズ,4902370546293,2500,https://www.1-chome.com/wineDetail/1174/1174,候補数が多いため、取引予定や明確な値動きがある場合に追加する。,取引予定の有無
保留,周辺機器/低単価ソフト,SONY スティックモジュール（DualSense Edge ワイヤレスコントローラー用）CFI-ZSM1G,4948872415729,2100,https://www.1-chome.com/wineDetail/6978/6978,候補数が多いため、取引予定や明確な値動きがある場合に追加する。,取引予定の有無
保留,周辺機器/低単価ソフト,【NS1】ファイアーエムブレム無双 風花雪月,4988615168321,2000,https://www.1-chome.com/wineDetail/3910/3910,候補数が多いため、取引予定や明確な値動きがある場合に追加する。,取引予定の有無
保留,周辺機器/低単価ソフト,PS5 メディアリモコン CFI-ZMR1J,4948872415088,1900,https://www.1-chome.com/wineDetail/1318/1318,候補数が多いため、取引予定や明確な値動きがある場合に追加する。,取引予定の有無
保留,周辺機器/低単価ソフト,【NS1】モンスターハンターライズ Best Price,4976219123976,1700,https://www.1-chome.com/wineDetail/3909/3909,候補数が多いため、取引予定や明確な値動きがある場合に追加する。,取引予定の有無
保留,周辺機器/低単価ソフト,【NS1】スーパーマリオRPG,4902370551648,1000,https://www.1-chome.com/wineDetail/5347/5347,候補数が多いため、取引予定や明確な値動きがある場合に追加する。,取引予定の有無
保留,周辺機器/低単価ソフト,【NS1】ポケモン 帰ってきた 名探偵ピカチュウ,4902370551563,500,https://www.1-chome.com/wineDetail/5339/5339,候補数が多いため、取引予定や明確な値動きがある場合に追加する。,取引予定の有無
保留,JANなし,PlayStation3 CECH-2000/3000番台,,5,https://www.1-chome.com/wineDetail/6854/6854,JANがないため、他業者照合や商品追加の前に実物確認が必要。,JANまたは型番の確認
保留,JANなし,PlayStation3 CECH-4000番台,,5,https://www.1-chome.com/wineDetail/6855/6855,JANがないため、他業者照合や商品追加の前に実物確認が必要。,JANまたは型番の確認
保留,JANなし,PlayStation4 500GB 1000番台,,5,https://www.1-chome.com/wineDetail/6852/6852,JANがないため、他業者照合や商品追加の前に実物確認が必要。,JANまたは型番の確認
保留,JANなし,PlayStation4 Pro 7000番台,,5,https://www.1-chome.com/wineDetail/6853/6853,JANがないため、他業者照合や商品追加の前に実物確認が必要。,JANまたは型番の確認
