product_name,msrp,effective_date,source_url,matched_title,price_type
PlayStation5 Pro,137980,2000-01-01,manual,手動補正,
PlayStation5 デジタルエディション,59980,2000-01-01,https://www.playstation.com/ja-jp/ps5/,PlayStation5 Slim Digital CFI-2000B01,
PlayStation5,66980,2000-01-01,https://www.playstation.com/ja-jp/ps5/,PlayStation5 Slim Disc CFI-2000A01,
PlayStation VR2 Horizon同梱版,94980,2000-01-01,manual,手動補正,
PlayStation VR2,89980,2000-01-01,manual,手動補正,
リモートプレーヤー,39980,2000-01-01,https://www.amazon.co.jp/%E3%80%90%E7%B4%94%E6%AD%A3%E5%93%81%E3%80%91PlayStation-Portal-%E3%83%AA%E3%83%A2%E3%83%BC%E3%83%88%E3%83%97%E3%83%AC%E3%83%BC%E3%83%A4%E3%83%BC-%E3%83%9F%E3%83%83%E3%83%89%E3%83%8A%E3%82%A4%E3%83%88-CFIJ-18001/dp/B0DT3QWDMZ,,
Meta Quest 3 512,98189,2000-01-01,https://www.amazon.co.jp/META-Meta-Quest-3-512GB/dp/B0CF1DLZPY,,
Meta Quest 3S 128GB,57273,2000-01-01,https://www.amazon.co.jp/Meta-Quest-3S-128GB-%EF%BD%9C%E8%A4%87%E5%90%88%E7%8F%BE%E5%AE%9F%E3%81%AE%E4%B8%96%E7%95%8C%E3%81%AB%E9%A3%9B%E3%81%B3%E8%BE%BC%E3%82%82%E3%81%86%EF%BD%9C%E3%81%82%E3%82%8A%E3%81%88%E3%81%AA%E3%81%84%E4%BD%93%E9%A8%93%EF%BD%9C%E3%82%AA%E3%83%BC%E3%83%AB%E3%82%A4%E3%83%B3%E3%83%AF%E3%83%B3MR%E3%83%BBVR%E3%83%98%E3%83%83%E3%83%89%E3%82%BB%E3%83%83%E3%83%88/dp/B09MJQKS5D,,
Meta Quest 3S 256GB,77000,2000-01-01,https://www.amazon.co.jp/Meta-Quest-%E8%A4%87%E5%90%88%E7%8F%BE%E5%AE%9F%E3%81%AE%E4%B8%96%E7%95%8C%E3%81%AB%E9%A3%9B%E3%81%B3%E8%BE%BC%E3%82%82%E3%81%86-%E3%81%82%E3%82%8A%E3%81%88%E3%81%AA%E3%81%84%E4%BD%93%E9%A8%93-%E3%82%AA%E3%83%BC%E3%83%AB%E3%82%A4%E3%83%B3%E3%83%AF%E3%83%B3MR%E3%83%BBVR%E3%83%98%E3%83%83%E3%83%89%E3%82%BB%E3%83%83%E3%83%88/dp/B09JMJX9DT,,
DualSense Spider-Man 2,11480,2000-01-01,manual,手動補正,
DualSense 30周年,13980,2000-01-01,manual,手動補正,
DualSense ロボット,11480,2000-01-01,manual,手動補正,
DualSense FINAL FANTASY,11480,2000-01-01,manual,手動補正,
DualSense ゴッド・オブ・ウォー,11480,2000-01-01,manual,手動補正,
DualSense フォートナイ,11480,2000-01-01,manual,手動補正,
DualSense ゴッド・オブ・ウォー 20th,11480,2000-01-01,manual,手動補正,
DualSense Marathon,11345,2000-01-01,https://www.amazon.co.jp/%E3%80%90%E7%B4%94%E6%AD%A3%E5%93%81%E3%80%91DualSense-%E3%83%AF%E3%82%A4%E3%83%A4%E3%83%AC%E3%82%B9%E3%82%B3%E3%83%B3%E3%83%88%E3%83%AD%E3%83%BC%E3%83%A9%E3%83%BC-Marathon-%E3%83%AA%E3%83%9F%E3%83%86%E3%83%83%E3%83%89%E3%82%A8%E3%83%87%E3%82%A3%E3%82%B7%E3%83%A7%E3%83%B3-CFI-ZCT1JZD/dp/B0GJC5JGX3,,
DualSense アストロボット,12999,2000-01-01,https://www.amazon.co.jp/%E3%80%90%E7%B4%94%E6%AD%A3%E5%93%81%E3%80%91DualSense%C2%AE-%E3%83%AF%E3%82%A4%E3%83%A4%E3%83%AC%E3%82%B9%E3%82%B3%E3%83%B3%E3%83%88%E3%83%AD%E3%83%BC%E3%83%A9%E3%83%BC-%E3%82%A2%E3%82%B9%E3%83%88%E3%83%AD%E3%83%9C%E3%83%83%E3%83%88-%E3%83%AA%E3%83%9F%E3%83%86%E3%83%83%E3%83%89%E3%82%A8%E3%83%87%E3%82%A3%E3%82%B7%E3%83%A7%E3%83%B3-CFI-ZCT1JZC/dp/B0FQ52M1W2,,
DualSense 原神,12999,2000-01-01,https://www.amazon.co.jp/%E3%82%BD%E3%83%8B%E3%83%BC%E3%83%BB%E3%82%A4%E3%83%B3%E3%82%BF%E3%83%A9%E3%82%AF%E3%83%86%E3%82%A3%E3%83%96%E3%82%A8%E3%83%B3%E3%82%BF%E3%83%86%E3%82%A4%E3%83%B3%E3%83%A1%E3%83%B3%E3%83%88-CFI-ZCT2JZE-%E3%80%90%E7%B4%94%E6%AD%A3%E5%93%81%E3%80%91DualSense-%E3%83%AF%E3%82%A4%E3%83%A4%E3%83%AC%E3%82%B9%E3%82%B3%E3%83%B3%E3%83%88%E3%83%AD%E3%83%BC%E3%83%A9%E3%83%BC-%E3%83%AA%E3%83%9F%E3%83%86%E3%83%83%E3%83%89%E3%82%A8%E3%83%87%E3%82%A3%E3%82%B7%E3%83%A7%E3%83%B3%EF%BC%88CFI-ZCT2JZE%EF%BC%89/dp/B0G52BPT27,,
DualSense テクノ レッド,11291,2000-01-01,https://www.amazon.co.jp/%E3%82%BD%E3%83%8B%E3%83%BC%E3%83%BB%E3%82%A4%E3%83%B3%E3%82%BF%E3%83%A9%E3%82%AF%E3%83%86%E3%82%A3%E3%83%96%E3%82%A8%E3%83%B3%E3%82%BF%E3%83%86%E3%82%A4%E3%83%B3%E3%83%A1%E3%83%B3%E3%83%88-CFI-ZCT2J13-%E3%80%90%E7%B4%94%E6%AD%A3%E5%93%81%E3%80%91DualSense-%E3%83%AF%E3%82%A4%E3%83%A4%E3%83%AC%E3%82%B9%E3%82%B3%E3%83%B3%E3%83%88%E3%83%AD%E3%83%BC%E3%83%A9%E3%83%BC-%E3%83%AC%E3%83%83%E3%83%89%EF%BC%88CFI-ZCT2J13%EF%BC%89/dp/B0GGGJCDMC,,
DualSense リミックス グリーン,11285,2000-01-01,https://www.amazon.co.jp/%E3%82%BD%E3%83%8B%E3%83%BC%E3%83%BB%E3%82%A4%E3%83%B3%E3%82%BF%E3%83%A9%E3%82%AF%E3%83%86%E3%82%A3%E3%83%96%E3%82%A8%E3%83%B3%E3%82%BF%E3%83%86%E3%82%A4%E3%83%B3%E3%83%A1%E3%83%B3%E3%83%88-CFI-ZCT2J14-%E3%80%90%E7%B4%94%E6%AD%A3%E5%93%81%E3%80%91DualSense-%E3%83%AF%E3%82%A4%E3%83%A4%E3%83%AC%E3%82%B9%E3%82%B3%E3%83%B3%E3%83%88%E3%83%AD%E3%83%BC%E3%83%A9%E3%83%BC-%E3%82%B0%E3%83%AA%E3%83%BC%E3%83%B3%EF%BC%88CFI-ZCT2J14%EF%BC%89/dp/B0GGHJ3QT2,,
DualSense リズム ブルー,11285,2000-01-01,https://www.amazon.co.jp/%E3%82%BD%E3%83%8B%E3%83%BC%E3%83%BB%E3%82%A4%E3%83%B3%E3%82%BF%E3%83%A9%E3%82%AF%E3%83%86%E3%82%A3%E3%83%96%E3%82%A8%E3%83%B3%E3%82%BF%E3%83%86%E3%82%A4%E3%83%B3%E3%83%A1%E3%83%B3%E3%83%88-CFI-ZCT2J15-%E3%80%90%E7%B4%94%E6%AD%A3%E5%93%81%E3%80%91DualSense-%E3%83%AF%E3%82%A4%E3%83%A4%E3%83%AC%E3%82%B9%E3%82%B3%E3%83%B3%E3%83%88%E3%83%AD%E3%83%BC%E3%83%A9%E3%83%BC-%E3%83%96%E3%83%AB%E3%83%BC%EF%BC%88CFI-ZCT2J15%EF%BC%89/dp/B0GGH3WYF8,,
DualSense クロマ パール,12999,2000-01-01,https://www.amazon.co.jp/%E3%80%90%E7%B4%94%E6%AD%A3%E5%93%81%E3%80%91DualSense-%E3%83%AF%E3%82%A4%E3%83%A4%E3%83%AC%E3%82%B9%E3%82%B3%E3%83%B3%E3%83%88%E3%83%AD%E3%83%BC%E3%83%A9%E3%83%BC-%E3%82%AF%E3%83%AD%E3%83%9E-%E3%83%91%E3%83%BC%E3%83%AB-CFI-ZCT2J12/dp/B0FX52SSTS,,
DualSense インディゴ,11480,2000-01-01,manual,手動補正,
DualSense クロマ グリーン,12999,2000-01-01,https://www.amazon.co.jp/%E3%80%90%E7%B4%94%E6%AD%A3%E5%93%81%E3%80%91DualSense-%E3%83%AF%E3%82%A4%E3%83%A4%E3%83%AC%E3%82%B9%E3%82%B3%E3%83%B3%E3%83%88%E3%83%AD%E3%83%BC%E3%83%A9%E3%83%BC-%E3%82%AF%E3%83%AD%E3%83%9E-%E3%82%B0%E3%83%AA%E3%83%BC%E3%83%B3-CFI-ZCT1J10/dp/B0DJBXSTXF,,
DualSense コバルト ブルー,11980,2000-01-01,https://www.amazon.co.jp/%E3%80%90%E7%B4%94%E6%AD%A3%E5%93%81%E3%80%91DualSense-%E3%83%AF%E3%82%A4%E3%83%A4%E3%83%AC%E3%82%B9%E3%82%B3%E3%83%B3%E3%83%88%E3%83%AD%E3%83%BC%E3%83%A9%E3%83%BC-%E3%82%B3%E3%83%90%E3%83%AB%E3%83%88-%E3%83%96%E3%83%AB%E3%83%BC%E2%80%8B-CFI-ZCT1J09/dp/B0CK86FQY2,,
DualSense シルバー,11980,2000-01-01,https://www.amazon.co.jp/%E3%82%BD%E3%83%8B%E3%83%BC%E3%83%BB%E3%82%A4%E3%83%B3%E3%82%BF%E3%83%A9%E3%82%AF%E3%83%86%E3%82%A3%E3%83%96%E3%82%A8%E3%83%B3%E3%82%BF%E3%83%86%E3%82%A4%E3%83%B3%E3%83%A1%E3%83%B3%E3%83%88-CFI-ZCT1J08-%E3%80%90%E7%B4%94%E6%AD%A3%E5%93%81%E3%80%91DualSense-%E3%83%AF%E3%82%A4%E3%83%A4%E3%83%AC%E3%82%B9%E3%82%B3%E3%83%B3%E3%83%88%E3%83%AD%E3%83%BC%E3%83%A9%E3%83%BC-%E3%82%B7%E3%83%AB%E3%83%90%E3%83%BC%E2%80%8B%EF%BC%88CFI-ZCT1J08%EF%BC%89/dp/B0CK87FP6Y,,
DualSense ヴォルカニック レッド,11980,2000-01-01,https://www.amazon.co.jp/%E3%80%90%E7%B4%94%E6%AD%A3%E5%93%81%E3%80%91DualSense-%E3%83%AF%E3%82%A4%E3%83%A4%E3%83%AC%E3%82%B9%E3%82%B3%E3%83%B3%E3%83%88%E3%83%AD%E3%83%BC%E3%83%A9%E3%83%BC-%E3%83%B4%E3%82%A9%E3%83%AB%E3%82%AB%E3%83%8B%E3%83%83%E3%82%AF-%E3%83%AC%E3%83%83%E3%83%89-CFI-ZCT1J07/dp/B0CK86ZXHJ,,
DualSense ブルー,11285,2000-01-01,https://www.amazon.co.jp/%E3%82%BD%E3%83%8B%E3%83%BC%E3%83%BB%E3%82%A4%E3%83%B3%E3%82%BF%E3%83%A9%E3%82%AF%E3%83%86%E3%82%A3%E3%83%96%E3%82%A8%E3%83%B3%E3%82%BF%E3%83%86%E3%82%A4%E3%83%B3%E3%83%A1%E3%83%B3%E3%83%88-CFI-ZCT2J15-%E3%80%90%E7%B4%94%E6%AD%A3%E5%93%81%E3%80%91DualSense-%E3%83%AF%E3%82%A4%E3%83%A4%E3%83%AC%E3%82%B9%E3%82%B3%E3%83%B3%E3%83%88%E3%83%AD%E3%83%BC%E3%83%A9%E3%83%BC-%E3%83%96%E3%83%AB%E3%83%BC%EF%BC%88CFI-ZCT2J15%EF%BC%89/dp/B0GGH3WYF8,,
DualSense パープル,12999,2000-01-01,https://www.amazon.co.jp/%E3%80%90%E7%B4%94%E6%AD%A3%E5%93%81%E3%80%91DualSense-%E3%83%AF%E3%82%A4%E3%83%A4%E3%83%AC%E3%82%B9%E3%82%B3%E3%83%B3%E3%83%88%E3%83%AD%E3%83%BC%E3%83%A9%E3%83%BC-%E3%82%AE%E3%83%A3%E3%83%A9%E3%82%AF%E3%83%86%E3%82%A3%E3%83%83%E3%82%AF-%E3%83%91%E3%83%BC%E3%83%97%E3%83%AB-CFI-ZCT2J04/dp/B0FX55BBS8,,
DualSense ピンク,11480,2000-01-01,manual,手動補正,
DualSense レッド,11980,2000-01-01,https://www.amazon.co.jp/%E3%80%90%E7%B4%94%E6%AD%A3%E5%93%81%E3%80%91DualSense-%E3%83%AF%E3%82%A4%E3%83%A4%E3%83%AC%E3%82%B9%E3%82%B3%E3%83%B3%E3%83%88%E3%83%AD%E3%83%BC%E3%83%A9%E3%83%BC-%E3%83%B4%E3%82%A9%E3%83%AB%E3%82%AB%E3%83%8B%E3%83%83%E3%82%AF-%E3%83%AC%E3%83%83%E3%83%89-CFI-ZCT1J07/dp/B0CK86ZXHJ,,
DualSense ブラック,12999,2000-01-01,https://www.amazon.co.jp/%E3%80%90%E7%B4%94%E6%AD%A3%E5%93%81%E3%80%91DualSense-%E3%83%AF%E3%82%A4%E3%83%A4%E3%83%AC%E3%82%B9%E3%82%B3%E3%83%B3%E3%83%88%E3%83%AD%E3%83%BC%E3%83%A9%E3%83%BC-%E3%83%9F%E3%83%83%E3%83%89%E3%83%8A%E3%82%A4%E3%83%88-%E3%83%96%E3%83%A9%E3%83%83%E3%82%AF-CFI-ZCT2J01/dp/B0FX53RQ1B,,
DualSense ホワイト,11480,2000-01-01,manual,手動補正,
Switch Proコン,12999,2000-01-01,https://www.amazon.co.jp/%E3%80%90%E4%BB%BB%E5%A4%A9%E5%A0%82%E7%B4%94%E6%AD%A3%E5%93%81%E3%80%91Nintendo-Switch-Pro%E3%82%B3%E3%83%B3%E3%83%88%E3%83%AD%E3%83%BC%E3%83%A9%E3%83%BC-%E3%80%90Amazon-co-jp%E9%99%90%E5%AE%9A%E7%89%B9%E5%85%B8%E3%80%91Nintendo-%E3%83%AD%E3%82%B4%E3%83%87%E3%82%B6%E3%82%A4%E3%83%B3%E3%82%B9%E3%83%86%E3%83%83%E3%82%AB%E3%83%BC/dp/B0F54NGNRK,,
Joy-Con 2 ブルー/レッドセット,9980,2000-01-01,manual,手動補正,
Joy-Con 2 パープル/グリーンセット,9980,2000-01-01,manual,手動補正,
Joy-Con 2 L ライトブルー,5480,2000-01-01,manual,手動補正,
Joy-Con 2 R ライトレッド,5480,2000-01-01,manual,手動補正,
Joy-Con マリパ4人セット,12999,2000-01-01,https://www.amazon.co.jp/%E3%83%9E%E3%83%AA%E3%82%AA%E3%83%91%E3%83%BC%E3%83%86%E3%82%A3-Joy-Con%E3%82%BB%E3%83%83%E3%83%88-%E3%83%91%E3%82%B9%E3%83%86%E3%83%AB%E3%83%91%E3%83%BC%E3%83%97%E3%83%AB-%E3%83%91%E3%82%B9%E3%83%86%E3%83%AB%E3%82%B0%E3%83%AA%E3%83%BC%E3%83%B3-Switch/dp/B0CLDGC2D3,,
Joy-Con ネオンレッド/ネオンブルー,8778,2000-01-01,manual,手動補正,
Joy-Con ネオングリーン/ネオンピンク,8778,2000-01-01,manual,手動補正,
Joy-Con ネオンブルー/ネオンイエロー,8778,2000-01-01,manual,手動補正,
Joy-Con ネオンパープル/ネオンオレンジ,8778,2000-01-01,manual,手動補正,
Joy-Con パステルパープル/パステルグリーン,8778,2000-01-01,manual,手動補正,
Joy-Con パステルピンク/パステルイエロー,7999,2000-01-01,https://www.amazon.co.jp/%E3%80%90%E4%BB%BB%E5%A4%A9%E5%A0%82%E7%B4%94%E6%AD%A3%E5%93%81%E3%80%91Joy-Con-L-%E3%83%91%E3%82%B9%E3%83%86%E3%83%AB%E3%83%94%E3%83%B3%E3%82%AF-R-%E3%83%91%E3%82%B9%E3%83%86%E3%83%AB%E3%82%A4%E3%82%A8%E3%83%AD%E3%83%BC/dp/B0C6WYW3F7,,
Joy-Con パステルピンク,4378,2000-01-01,manual,手動補正,
Joy-Con グレー/グレー,8778,2000-01-01,manual,手動補正,
Joy-Con ネオンイエロー,4378,2000-01-01,manual,手動補正,
Joy-Con レッド,4378,2000-01-01,manual,手動補正,
PS5 Split Fiction,9700,2000-01-01,https://www.amazon.co.jp/Electronic-Arts-4938833024749-Fiction-%E3%82%B9%E3%83%97%E3%83%AA%E3%83%83%E3%83%88%E3%83%95%E3%82%A3%E3%82%AF%E3%82%B7%E3%83%A7%E3%83%B3/dp/B0DQ58S3LC,,
PS5 It Takes Two,9720,2000-01-01,https://www.amazon.co.jp/It-Takes-Two-PS4-%E8%BC%B8%E5%85%A5%E7%89%88/dp/B0913DY257,,
PS5 プラグマタ,11980,2000-01-01,https://www.amazon.co.jp/%E3%83%8E%E3%83%BC%E3%83%96%E3%83%A9%E3%83%B3%E3%83%89%E5%93%81-%E3%80%90PS5%E3%80%91%E3%83%97%E3%83%A9%E3%82%B0%E3%83%9E%E3%82%BF/dp/B0GTMVK1L6,,
Pokemon LEGENDS Z-A Switch 2,6790,2000-01-01,https://www.amazon.co.jp/Pok%C3%A9mon-LEGENDS-Nintendo-Switch-Switch2/dp/B0FGP83W6B,,
Pokemon LEGENDS Z-A Switch,7128,2000-01-01,https://www.amazon.co.jp/Pok%C3%A9mon-LEGENDS-%EF%BC%88%E3%83%9D%E3%82%B1%E3%83%A2%E3%83%B3-%E3%82%BC%E3%83%83%E3%83%88%E3%82%A8%E3%83%BC%EF%BC%89-Switch/dp/B0FGQJ45HW,,
ゼルダ ティアーズ オブ ザ キングダム,7200,2000-01-01,https://www.amazon.co.jp/%E3%82%BC%E3%83%AB%E3%83%80%E3%81%AE%E4%BC%9D%E8%AA%AC-%E3%83%86%E3%82%A3%E3%82%A2%E3%83%BC%E3%82%BA-%E3%82%AA%E3%83%96-%E3%82%B6-%E3%82%AD%E3%83%B3%E3%82%B0%E3%83%80%E3%83%A0-Switch/dp/B0BV94KXFR,,
リングフィット アドベンチャー,9720,2000-01-01,https://www.amazon.co.jp/%E4%BB%BB%E5%A4%A9%E5%A0%82-%E3%83%AA%E3%83%B3%E3%82%B0%E3%83%95%E3%82%A3%E3%83%83%E3%83%88-%E3%82%A2%E3%83%89%E3%83%99%E3%83%B3%E3%83%81%E3%83%A3%E3%83%BC-Switch/dp/B07XV8VSZT,,
マリオパーティ ジャンボリー,7128,2000-01-01,https://www.amazon.co.jp/%E4%BB%BB%E5%A4%A9%E5%A0%82-HAC-P-A7HLA-%E3%82%B9%E3%83%BC%E3%83%91%E3%83%BC-%E3%83%9E%E3%83%AA%E3%82%AA%E3%83%91%E3%83%BC%E3%83%86%E3%82%A3-%E3%82%B8%E3%83%A3%E3%83%B3%E3%83%9C%E3%83%AA%E3%83%BC/dp/B0D7GQRT8R,,
ゼノブレイドクロス Switch 2,7073,2000-01-01,https://www.amazon.co.jp/%E3%82%BC%E3%83%8E%E3%83%96%E3%83%AC%E3%82%A4%E3%83%89%E3%82%AF%E3%83%AD%E3%82%B9-%E3%83%87%E3%82%A3%E3%83%95%E3%82%A3%E3%83%8B%E3%83%86%E3%82%A3%E3%83%96%E3%82%A8%E3%83%87%E3%82%A3%E3%82%B7%E3%83%A7%E3%83%B3-Nintendo-Switch-Switch2/dp/B0GP9C1FVF,,
トモダチコレクション Switch 2,7128,2000-01-01,https://www.amazon.co.jp/%E4%BB%BB%E5%A4%A9%E5%A0%82-HAC-P-BLFGA-%E3%83%88%E3%83%A2%E3%83%80%E3%83%81%E3%82%B3%E3%83%AC%E3%82%AF%E3%82%B7%E3%83%A7%E3%83%B3-%E3%82%8F%E3%81%8F%E3%82%8F%E3%81%8F%E7%94%9F%E6%B4%BB-Switch/dp/B0GKMJSYB1,,
トモダチコレクション Switch,7128,2000-01-01,https://www.amazon.co.jp/%E4%BB%BB%E5%A4%A9%E5%A0%82-HAC-P-BLFGA-%E3%83%88%E3%83%A2%E3%83%80%E3%83%81%E3%82%B3%E3%83%AC%E3%82%AF%E3%82%B7%E3%83%A7%E3%83%B3-%E3%82%8F%E3%81%8F%E3%82%8F%E3%81%8F%E7%94%9F%E6%B4%BB-Switch/dp/B0GKMJSYB1,,
モンスターハンターストーリーズ3 Switch 2,8990,2000-01-01,https://www.amazon.co.jp/%E3%82%AB%E3%83%97%E3%82%B3%E3%83%B3-CAPCOM-POT-P-AAWXA-%E3%83%A2%E3%83%B3%E3%82%B9%E3%82%BF%E3%83%BC%E3%83%8F%E3%83%B3%E3%82%BF%E3%83%BC%E3%82%B9%E3%83%88%E3%83%BC%E3%83%AA%E3%83%BC%E3%82%BA3-Switch2/dp/B0FY6KHVN6,,
モンスターハンターストーリーズ3 Switch,8990,2000-01-01,https://www.amazon.co.jp/%E3%82%AB%E3%83%97%E3%82%B3%E3%83%B3-CAPCOM-POT-P-AAWXA-%E3%83%A2%E3%83%B3%E3%82%B9%E3%82%BF%E3%83%BC%E3%83%8F%E3%83%B3%E3%82%BF%E3%83%BC%E3%82%B9%E3%83%88%E3%83%BC%E3%83%AA%E3%83%BC%E3%82%BA3-Switch2/dp/B0FY6KHVN6,,
マリオカート ワールド ソフト,9980,2000-01-01,https://www.amazon.co.jp/%E4%BB%BB%E5%A4%A9%E5%A0%82-BEE-P-AAAAA-%E3%83%9E%E3%83%AA%E3%82%AA%E3%82%AB%E3%83%BC%E3%83%88-%E3%83%AF%E3%83%BC%E3%83%AB%E3%83%89-Switch2/dp/B0F54D861F,,
チェキフィルム 2P,3172,2000-01-01,https://www.amazon.co.jp/FUJIFILM-%E3%82%A4%E3%83%B3%E3%82%B9%E3%82%BF%E3%83%B3%E3%83%88%E3%82%AB%E3%83%A1%E3%83%A9-INSTAX-MINI-JP/dp/B07D2DVX6D,,
チェキフィルム 1P,3172,2000-01-01,https://www.amazon.co.jp/FUJIFILM-%E3%82%A4%E3%83%B3%E3%82%B9%E3%82%BF%E3%83%B3%E3%83%88%E3%82%AB%E3%83%A1%E3%83%A9-INSTAX-MINI-JP/dp/B07D2DVX6D,,
instax SQUARE フィルム WW1,3782,2000-01-01,https://www.amazon.co.jp/FUJIFILM-%E3%82%B9%E3%82%AF%E3%82%A8%E3%82%A2%E3%83%95%E3%82%A9%E3%83%BC%E3%83%9E%E3%83%83%E3%83%88%E3%83%95%E3%82%A3%E3%83%AB%E3%83%A0-instax-%E3%83%9B%E3%83%AF%E3%82%A4%E3%83%88%E3%83%9E%E3%83%BC%E3%83%96%E3%83%AB-WHITEMARBLE/dp/B084S4JF2G,,
instax SQUARE フィルム WW2,2200,2000-01-01,manual,手動補正,
instax WIDE フィルム 10枚,1780,2000-01-01,manual,手動補正,
instax WIDE フィルム 50枚,8000,2000-01-01,manual,手動補正,
写ルンです（新パッケージ）,7980,2000-01-01,https://www.amazon.co.jp/%E5%AF%8C%E5%A3%AB%E3%83%95%E3%82%A4%E3%83%AB%E3%83%A0-FUJIFILM-%E3%83%95%E3%82%B8%E3%82%AB%E3%83%A9%E3%83%BC%E3%83%AC%E3%83%B3%E3%82%BA%E4%BB%98%E3%83%95%E3%82%A3%E3%83%AB%E3%83%A0-JDV1-27SH/dp/B0F1SLWHQG,,
instax mini 12 ピンク,13800,2000-01-01,https://kakaku.com/item/K0001521244/,kakaku補正,market
instax mini 13 ブルー,14800,2000-01-01,https://kakaku.com/item/K0001781379/,kakaku補正,market
instax mini 13 グリーン,14800,2000-01-01,https://kakaku.com/item/K0001781379/,kakaku補正,market
instax mini 13 パープル,14800,2000-01-01,https://kakaku.com/item/K0001781379/,kakaku補正,market
instax mini 40,23046,2000-01-01,https://kakaku.com/item/K0001346796/,kakaku補正,market
instax mini 99,27900,2000-01-01,https://kakaku.com/item/K0001615952/,kakaku補正,market
instax WIDE 400 グリーン,25751,2000-01-01,https://kakaku.com/item/K0001634399/,kakaku補正,market
instax WIDE 400,25751,2000-01-01,https://kakaku.com/item/K0001634399/,kakaku補正,market
instax mini Evo 黒,27691,2000-01-01,https://kakaku.com/item/K0001545345/,kakaku補正,market
instax WIDE Evo,42779,2000-01-01,https://kakaku.com/item/K0001672252/,kakaku補正,market
instax mini Evo Cinema,42794,2000-01-01,https://kakaku.com/item/K0001763669/,kakaku補正,market
instax SQUARE SQ40 ブラック,23920,2000-01-01,https://kakaku.com/item/K0001546638/,kakaku補正,market
instax SQUARE SQ1 ホワイト,22709,2000-01-01,https://kakaku.com/item/K0001306939/,kakaku補正,market
IXY 650 シルバー,47280,2000-01-01,https://kakaku.com/item/K0000876228/,kakaku補正,market
IXY 650 ブラック,47280,2000-01-01,https://kakaku.com/item/K0000876227/,kakaku補正,market
SX70,147000,2000-01-01,https://kakaku.com/item/K0001098283/,kakaku補正,market
PowerShot V10,46674,2000-01-01,https://kakaku.com/item/J0000041436/,kakaku補正,market
PowerShot V1,105477,2000-01-01,https://kakaku.com/item/K0001677703/,kakaku補正,market
G7 X Mark II,82500,2000-01-01,https://www.amazon.co.jp/PowerShot-MarkII-%E5%85%89%E5%AD%A64-2%E5%80%8D%E3%82%BA%E3%83%BC%E3%83%A0-1-0%E5%9E%8B%E3%82%BB%E3%83%B3%E3%82%B5%E3%83%BC-PSG7X/dp/B01BWKOQA6,,market
PowerShot G1 X Mark III,130000,2000-01-01,manual,手動補正,market
X-T30 レンズキット,145216,2000-01-01,https://kakaku.com/item/K0001379937/,kakaku補正,market
LUMIX DC-TZ99 ブラック,69718,2000-01-01,https://kakaku.com/item/K0001667667/,kakaku補正,market
LUMIX DC-TZ99 ホワイト,67477,2000-01-01,https://kakaku.com/item/K0001667668/,kakaku補正,market
RICOH GR IV Monochrome,248850,2000-01-01,https://kakaku.com/item/K0001715948/,kakaku補正,market
RICOH GR III Diary Edition,157000,2000-01-01,https://kakaku.com/item/K0001456371/,kakaku価格履歴補正,market
RICOH GR IIIx,207119,2000-01-01,https://kakaku.com/item/K0001382380/,kakaku補正,market
RICOH GR III,250000,2000-01-01,https://kakaku.com/item/K0001132733/,kakaku補正,market
Nikon Z50II ダブルズームキット,172077,2000-01-01,https://kakaku.com/item/K0001662177/,kakaku補正,market
Nikon Z50II 18-140 VRキット,199100,2000-01-01,https://www.amazon.co.jp/Nikon-VR%E3%83%AC%E3%83%B3%E3%82%BA%E3%82%AD%E3%83%83%E3%83%88-%E3%83%9F%E3%83%A9%E3%83%BC%E3%83%AC%E3%82%B9%E4%B8%80%E7%9C%BC%E3%82%AB%E3%83%A1%E3%83%A9-%E3%80%90%E3%82%A4%E3%83%A1%E3%83%BC%E3%82%B8%E3%83%B3%E3%82%B0%E3%83%AC%E3%82%B7%E3%83%94%E5%AF%BE%E5%BF%9C%E3%80%91%E8%87%AA%E5%88%86%E3%82%89%E3%81%97%E3%81%95%E3%81%AE%E8%89%B2%E8%A1%A8%E7%8F%BE-%E5%B0%8F%E5%9E%8B%E3%83%BB%E3%82%B3%E3%83%B3%E3%83%91%E3%82%AF%E3%83%88/dp/B0DMNTSQKJ,,market
Nikon Z50II 16-50 VRキット,134196,2000-01-01,https://kakaku.com/item/K0001662175/,kakaku補正,market
Nikon Z50II ボディ,117596,2000-01-01,https://kakaku.com/item/K0001662174/,kakaku補正,market
Tamron 18-300 ニコンZ,71970,2000-01-01,https://kakaku.com/item/K0001703043/,kakaku補正,market
Tamron 18-300 フジ,62400,2000-01-01,https://kakaku.com/item/K0001378051/,kakaku補正,market
Tamron 18-300 ソニーE,65287,2000-01-01,https://kakaku.com/item/K0001378050/,kakaku補正,market
Tamron 28-75 G2 ニコンZ,94918,2000-01-01,https://kakaku.com/item/K0001616164/,kakaku補正,market
Tamron 28-75 G2 ソニーE,96588,2000-01-01,https://kakaku.com/item/K0001388145/,kakaku補正,market
Tamron 28-300,105042,2000-01-01,https://kakaku.com/item/K0001642580/,kakaku補正,market
Tamron 28-200,73180,2000-01-01,https://kakaku.com/item/K0001264399/,kakaku補正,market
Tamron 25-200,99900,2000-01-01,manual,手動補正,market
NIKKOR Z DX 50-250mm,38081,2000-01-01,https://kakaku.com/item/K0001201321/,kakaku補正,market
OM SYSTEM PEN E-P7,89778,2000-01-01,https://kakaku.com/item/K0001360905/,kakaku補正,market
Sigma 28-70mm F2.8,87090,2000-01-01,https://kakaku.com/item/K0001334313/,kakaku補正,market
Tamagotchi Paradise Purple Sky,5478,2000-01-01,https://www.amazon.co.jp/%E3%83%90%E3%83%B3%E3%83%80%E3%82%A4-BANDAI-Tamagotchi-Paradise-%E3%80%90%E6%97%A5%E6%9C%AC%E3%81%8A%E3%82%82%E3%81%A1%E3%82%83%E5%A4%A7%E8%B3%9E2025%E3%83%87%E3%82%B8%E3%82%BF%E3%83%AB%E9%83%A8%E9%96%80%E5%A4%A7%E8%B3%9E%E3%80%91/dp/B0F8GS281Q, [手動修正],
Switch2 国内版マリカーセット,59980,2000-01-01,https://www.amazon.co.jp/Nintendo-Switch-%E6%97%A5%E6%9C%AC%E8%AA%9E%E3%83%BB%E5%9B%BD%E5%86%85%E5%B0%82%E7%94%A8-%E3%83%9E%E3%83%AA%E3%82%AA%E3%82%AB%E3%83%BC%E3%83%88-%E3%83%AF%E3%83%BC%E3%83%AB%E3%83%89/dp/B0DWZJBXNZ, [手動修正],
Switch2 国内版,49980,2000-01-01,https://www.amazon.co.jp/Nintendo-%E6%97%A5%E6%9C%AC%E8%AA%9E%E3%83%BB%E5%9B%BD%E5%86%85%E5%B0%82%E7%94%A8-Switch2-%E3%80%90Amazon-co-jp%E9%99%90%E5%AE%9A%E3%80%91%E7%89%B9%E5%85%B8-%E3%83%9E%E3%82%A4%E3%82%AF%E3%83%AD%E3%83%95%E3%82%A1%E3%82%A4%E3%83%90%E3%83%BC%E3%82%AF%E3%83%AD%E3%82%B9/dp/B0GN2FTQC5, [手動修正],
Switch2 多言語版,49980,2000-01-01,https://www.amazon.co.jp/S%C2%B7WONIU-Nintendo-Entertainment-Controller-Included/dp/B07P875QTN, [手動修正],
Switch2 Proコン,9980,2000-01-01,manual,手動補正,
Switch 有機白,37980,2000-01-01,https://www.amazon.co.jp/Nintendo-Switch-%E6%9C%89%E6%A9%9FEL%E3%83%A2%E3%83%87%E3%83%AB-Joy-%E3%83%9B%E3%83%AF%E3%82%A4%E3%83%88/dp/B098B8PFXY, [手動修正],
Switch 有機ネオン,37980,2000-01-01,https://www.amazon.co.jp/Nintendo-Switch-%E6%9C%89%E6%A9%9FEL%E3%83%A2%E3%83%87%E3%83%AB-%E3%83%8D%E3%82%AA%E3%83%B3%E3%83%96%E3%83%AB%E3%83%BC-%E3%83%8D%E3%82%AA%E3%83%B3%E3%83%AC%E3%83%83%E3%83%89/dp/B098B79SJL, [手動修正],
Switch 新型ネオン,32978,2000-01-01,https://www.amazon.co.jp/Nintendo-Switch-%E6%9C%89%E6%A9%9FEL%E3%83%A2%E3%83%87%E3%83%AB-%E3%83%8D%E3%82%AA%E3%83%B3%E3%83%96%E3%83%AB%E3%83%BC-%E3%83%8D%E3%82%AA%E3%83%B3%E3%83%AC%E3%83%83%E3%83%89/dp/B098B79SJL, [手動修正],
Switch 新型グレー,32978,2000-01-01,https://www.amazon.co.jp/Nintendo-Switch-%E3%83%8B%E3%83%B3%E3%83%86%E3%83%B3%E3%83%89%E3%83%BC%E3%82%B9%E3%82%A4%E3%83%83%E3%83%81-Joy-%E3%83%90%E3%83%83%E3%83%86%E3%83%AA%E3%83%BC%E6%8C%81%E7%B6%9A%E6%99%82%E9%96%93%E3%81%8C%E9%95%B7%E3%81%8F%E3%81%AA%E3%81%A3%E3%81%9F%E3%83%A2%E3%83%87%E3%83%AB/dp/B07WS7BZYF, [手動修正],
Switch Liteグレー,21978,2000-01-01,https://www.amazon.co.jp/%E4%BB%BB%E5%A4%A9%E5%A0%82-Nintendo-Switch-Lite-%E3%82%B0%E3%83%AC%E3%83%BC/dp/B07X47QTN3, [手動修正],
Switch Liteブルー,21978,2000-01-01,https://www.amazon.co.jp/%E4%BB%BB%E5%A4%A9%E5%A0%82-Nintendo-Switch-Lite-%E3%83%96%E3%83%AB%E3%83%BC/dp/B092J9FZL2, [手動修正],
Switch Liteコーラル,21978,2000-01-01,https://www.amazon.co.jp/%E4%BB%BB%E5%A4%A9%E5%A0%82-Nintendo-Switch-Lite-%E3%82%B3%E3%83%BC%E3%83%A9%E3%83%AB/dp/B085GGZ5GS, [手動修正],
Switch Liteターコイズ,21978,2000-01-01,https://www.amazon.co.jp/%E4%BB%BB%E5%A4%A9%E5%A0%82-Nintendo-Switch-%E3%82%BF%E3%83%BC%E3%82%B3%E3%82%A4%E3%82%BA/dp/B07X779ZK5, [手動修正],
Switch Liteイエロー,21978,2000-01-01,https://www.amazon.co.jp/%E4%BB%BB%E5%A4%A9%E5%A0%82-Nintendo-Switch-Lite-%E3%82%A4%E3%82%A8%E3%83%AD%E3%83%BC/dp/B07X24S7DY, [手動修正],
Xbox X 1TB ホワイト,69980,2000-01-01,https://www.amazon.co.jp/Xbox-Series-X-1TB-%E3%83%87%E3%82%B8%E3%82%BF%E3%83%AB%E7%89%88/dp/B0DCJN79MV, [手動修正],
Xbox S 1TB ホワイト,54980,2000-01-01,https://www.amazon.co.jp/Xbox-Series-S-1TB-%E3%83%9B%E3%83%AF%E3%82%A4%E3%83%88%E3%82%A8%E3%83%87%E3%82%A3%E3%82%B7%E3%83%A7%E3%83%B3/dp/B0DCJJGTF5, [手動修正],
Xbox X,65978,2000-01-01,https://www.amazon.co.jp/Xbox-Series-X-1TB-%E3%83%87%E3%82%B8%E3%82%BF%E3%83%AB%E7%89%88/dp/B0DCJN79MV, [手動修正],
Xbox S,43978,2000-01-01,https://www.amazon.co.jp/%E3%83%9E%E3%82%A4%E3%82%AF%E3%83%AD%E3%82%BD%E3%83%95%E3%83%88-Xbox-Series-S%E2%80%8B/dp/B08GG1VG23, [手動修正],
Meta Quest 3 128,74800,2000-01-01,https://www.amazon.co.jp/META-Meta-Quest-3-128GB/dp/B0CB3WXL12, [手動修正],
Pokemon GO Plus+,9678,2000-01-01,https://www.amazon.co.jp/Nintendo-Pokemon-Go-Plus-%E4%B8%A6%E8%A1%8C%E8%BC%B8%E5%85%A5%E5%93%81/dp/B01H482N6E, [手動修正],
Steam Deck 有機EL 1TB,99800,2000-01-01,https://www.amazon.co.jp/Valve-Steam-Deck-1TB-%E5%B0%82%E7%94%A8microSD%E3%82%AB%E3%83%BC%E3%83%89%E4%BB%98%E5%B1%9E/dp/B0DQDQ9X68, [手動修正],
Steam Deck 有機EL 512GB,79800,2000-01-01,https://www.amazon.co.jp/Valve-Steam-Deck-512GB-%E5%B0%82%E7%94%A8microSD%E3%82%AB%E3%83%BC%E3%83%89%E4%BB%98%E5%B1%9E/dp/B0DQDPJH5T, [手動修正],
Alarmo,12980,2000-01-01,manual,手動補正,
PlayStation5 ディスクドライブ,11980,2000-01-01,manual,手動補正,
DualSense Ghost of Yotei ゴールド,11480,2000-01-01,manual,ソニー唖定価格,
DualSense Ghost of Yotei ブラック,9720,2000-01-01,https://www.amazon.co.jp/%E3%80%90%E7%B4%94%E6%AD%A3%E5%93%81%E3%80%91DualSense-%E3%83%AF%E3%82%A4%E3%83%A4%E3%83%AC%E3%82%B9%E3%82%B3%E3%83%B3%E3%83%88%E3%83%AD%E3%83%BC%E3%83%A9%E3%83%BC-%E3%83%AA%E3%83%9F%E3%83%86%E3%83%83%E3%83%89%E3%82%A8%E3%83%87%E3%82%A3%E3%82%B7%E3%83%A7%E3%83%B3-CFI-ZCT1JZ8-%E3%80%90Amazon-co-jp%E9%99%90%E5%AE%9A%E3%80%91/dp/B0FPFNBQYG,,
DualSense ミッドナイト ブラック USB,9480,2000-01-01,manual,ソニー唖定価格,
DualSense モンスターハンターワイルズ,12400,2000-01-01,https://www.amazon.co.jp/%E3%82%BD%E3%83%8B%E3%83%BC%E3%83%BB%E3%82%A4%E3%83%B3%E3%82%BF%E3%83%A9%E3%82%AF%E3%83%86%E3%82%A3%E3%83%96%E3%82%A8%E3%83%B3%E3%82%BF%E3%83%86%E3%82%A4%E3%83%B3%E3%83%A1%E3%83%B3%E3%83%88-CFI-ZCT1JZ5-%E3%80%90%E7%B4%94%E6%AD%A3%E5%93%81%E3%80%91DualSense-%E3%83%AF%E3%82%A4%E3%83%A4%E3%83%AC%E3%82%B9%E3%82%B3%E3%83%B3%E3%83%88%E3%83%AD%E3%83%BC%E3%83%A9%E3%83%BC-%E3%83%A2%E3%83%B3%E3%82%B9%E3%82%BF%E3%83%BC%E3%83%8F%E3%83%B3%E3%82%BF%E3%83%BC%E3%83%AF%E3%82%A4%E3%83%AB%E3%82%BA/dp/B0DL9MMSC5,,
DualSense グレー カモフラージュ,11480,2000-01-01,manual,手動補正,
Switch Proコン ゼルダ,12999,2000-01-01,https://www.amazon.co.jp/%E3%83%9B%E3%83%BC%E3%83%AB%E3%82%B8%E3%83%A7%E3%82%A4%E3%82%B9%E3%83%86%E3%82%A3%E3%83%83%E3%82%AF-2000Hz%E3%83%9D%E3%83%BC%E3%83%AA%E3%83%B3%E3%82%B0%E3%83%AC%E3%83%BC%E3%83%88-16%E5%80%8B%E3%81%AE%E3%83%A1%E3%82%AB%E3%83%8B%E3%82%AB%E3%83%AB%E3%82%B9%E3%82%A4%E3%83%83%E3%83%81%E3%83%9C%E3%82%BF%E3%83%B3-360%C2%B0%E3%82%B7%E3%83%AA%E3%82%B3%E3%83%B3%E3%82%B0%E3%83%AA%E3%83%83%E3%83%97-1000mAh%E5%A4%A7%E5%AE%B9%E9%87%8F%E3%83%90%E3%83%83%E3%83%86%E3%83%AA%E3%83%BC/dp/B0DHTV7GB3,,
Switch Proコン スプラ3,9658,2000-01-01,https://www.amazon.co.jp/%E4%BB%BB%E5%A4%A9%E5%A0%82-HAC-A-FSSKT-%E3%80%90%E4%BB%BB%E5%A4%A9%E5%A0%82%E7%B4%94%E6%AD%A3%E5%93%81%E3%80%91Nintendo-Pro%E3%82%B3%E3%83%B3%E3%83%88%E3%83%AD%E3%83%BC%E3%83%A9%E3%83%BC-%E3%82%B9%E3%83%97%E3%83%A9%E3%83%88%E3%82%A5%E3%83%BC%E3%83%B33%E3%82%A8%E3%83%87%E3%82%A3%E3%82%B7%E3%83%A7%E3%83%B3/dp/B0B61VVJ4X, [手動修正],
Joy-Con 2 充電グリップ,3980,2000-01-01,https://www.amazon.co.jp/BJBT-%E3%82%AB%E3%83%90%E3%83%BC%E3%80%90Switch-2%E5%AF%BE%E5%BF%9C%E5%85%85%E9%9B%BB%E3%82%B0%E3%83%AA%E3%83%83%E3%83%97-%E4%BF%9D%E8%AD%B7%E3%82%AB%E3%83%90%E3%83%BC%E3%80%91%E3%82%B9%E3%82%A4%E3%83%83%E3%83%812%E3%82%B1%E3%83%BC%E3%82%B9-%E3%83%BB%E5%85%85%E9%9B%BB%E5%BC%8F%E3%82%B3%E3%83%B3%E3%83%88%E3%83%AD%E3%83%BC%E3%83%A9%E3%83%BC%E3%83%9B%E3%83%AB%E3%83%80%E3%83%BC%C2%B7/dp/B0GTF2CTNT, [手動修正],
Joy-Con マリパセット,8778,2000-01-01,manual,手動補正,
Switch2 国内版マリカーセット,53980,2025-06-05,https://www.nintendo.com/jp/hardware/switch2/lineup/index.html,任天堂公式ラインアップ,
Switch2 多言語版,69980,2025-06-05,https://www.nintendo.com/jp/hardware/switch2/lineup/index.html,任天堂公式ラインアップ,
Switch2 国内版,59980,2026-05-25,https://www.nintendo.co.jp/corporate/release/2026/260508.html,任天堂公式価格改定,
Switch 有機白,47980,2026-05-25,https://www.nintendo.co.jp/corporate/release/2026/260508.html,任天堂公式価格改定,
Switch 有機ネオン,47980,2026-05-25,https://www.nintendo.co.jp/corporate/release/2026/260508.html,任天堂公式価格改定,
Switch 新型ネオン,43980,2026-05-25,https://www.nintendo.co.jp/corporate/release/2026/260508.html,任天堂公式価格改定,
Switch 新型グレー,43980,2026-05-25,https://www.nintendo.co.jp/corporate/release/2026/260508.html,任天堂公式価格改定,
Switch Liteグレー,29980,2026-05-25,https://www.nintendo.co.jp/corporate/release/2026/260508.html,任天堂公式価格改定,
Switch Liteブルー,29980,2026-05-25,https://www.nintendo.co.jp/corporate/release/2026/260508.html,任天堂公式価格改定,
Switch Liteコーラル,29980,2026-05-25,https://www.nintendo.co.jp/corporate/release/2026/260508.html,任天堂公式価格改定,
Switch Liteターコイズ,29980,2026-05-25,https://www.nintendo.co.jp/corporate/release/2026/260508.html,任天堂公式価格改定,
Switch Liteイエロー,29980,2026-05-25,https://www.nintendo.co.jp/corporate/release/2026/260508.html,任天堂公式価格改定,
PlayStation5 Ghost of Yotei リミテッドエディション,79980,2000-01-01,manual,ソニー唖定価格,
ゼルダ 知恵のかりもの,6578,2000-01-01,manual,任天堂唖定価格,
instax WIDE フィルム 20枚,3200,2000-01-01,manual,手動補正,
instax mini フィルム PASTEL GALAXY,1600,2000-01-01,manual,手動補正,
instax mini 13 ピンク,14800,2000-01-01,https://kakaku.com/item/K0001781379/,kakaku補正,market
instax mini 13 ホワイト,14800,2000-01-01,https://kakaku.com/item/K0001781379/,kakaku補正,market
instax mini 90 黒,54785,2000-01-01,https://kakaku.com/item/K0000566101/,kakaku補正,market
instax mini 90 茶,56840,2000-01-01,https://kakaku.com/item/K0000709268/,kakaku補正,market
instax WIDE 400 ブラック,27199,2000-01-01,https://kakaku.com/item/K0001781404/,kakaku補正,market
instax mini Evo 茶,28600,2000-01-01,https://www.amazon.co.jp/%E5%AF%8C%E5%A3%AB%E3%83%95%E3%82%A4%E3%83%AB%E3%83%A0-FUJIFILM-%E3%83%8F%E3%82%A4%E3%83%96%E3%83%AA%E3%83%83%E3%83%89%E3%82%A4%E3%83%B3%E3%82%B9%E3%82%BF%E3%83%B3%E3%83%88%E3%82%AB%E3%83%A1%E3%83%A9-MINI-BLACK/dp/B0C85H3GTH,,market
instax mini Evo PINK,62998,2000-01-01,https://kakaku.com/item/K0001672253/,kakaku補正,market
instax mini Evo GENTLE ROSE,33510,2000-01-01,https://kakaku.com/item/K0001709710/,kakaku補正,market
instax SQUARE SQ1 ブルー,23561,2000-01-01,https://kakaku.com/item/K0001306941/,kakaku補正,market
instax SQUARE SQ1 オレンジ,23493,2000-01-01,https://kakaku.com/item/K0001306940/,kakaku補正,market
IXY 650 m シルバー,45550,2000-01-01,https://kakaku.com/item/K0001709591/,kakaku補正,market
IXY 650 m ブラック,45115,2000-01-01,https://kakaku.com/item/K0001709590/,kakaku補正,market
SX740 シルバー,92180,2000-01-01,https://kakaku.com/item/K0001076573/,kakaku補正,market
SX740 ブラック,98800,2000-01-01,https://kakaku.com/item/K0001076574/,kakaku補正,market
G7X Mark III 30th Anniversary,185334,2000-01-01,manual,G7XMarkIII同額で推定,market
G7 X Mark III シルバー,188649,2000-01-01,https://kakaku.com/item/K0001172966/,kakaku補正,market
G7 X Mark III ブラック,185334,2000-01-01,https://kakaku.com/item/K0001172965/,kakaku補正,market
X100VI シルバー（新）,319800,2000-01-01,https://kakaku.com/item/K0001607590/,kakaku価格履歴補正,market
X100VI ブラック（新）,408171,2000-01-01,https://kakaku.com/item/K0001607591/,kakaku補正,market
X100VI シルバー（旧）,319800,2000-01-01,https://kakaku.com/item/K0001607590/,kakaku価格履歴補正,market
X100VI ブラック（旧）,408171,2000-01-01,https://kakaku.com/item/K0001607591/,kakaku補正,market
RICOH GR IV,257728,2000-01-01,https://kakaku.com/item/K0001691431/,kakaku補正,market
RICOH GR IIIx Urban Edition,209757,2000-01-01,https://kakaku.com/item/K0001456371/,kakaku補正,market
Tamagotchi Paradise Blue Water,5478,2000-01-01,https://www.amazon.co.jp/%E3%83%90%E3%83%B3%E3%83%80%E3%82%A4-BANDAI-Tamagotchi-Paradise-%E3%80%90%E6%97%A5%E6%9C%AC%E3%81%8A%E3%82%82%E3%81%A1%E3%82%83%E5%A4%A7%E8%B3%9E2025%E3%83%87%E3%82%B8%E3%82%BF%E3%83%AB%E9%83%A8%E9%96%80%E5%A4%A7%E8%B3%9E%E3%80%91/dp/B0F8HCR6H4, [手動修正],
Tamagotchi Paradise Pink Land,5478,2000-01-01,https://www.amazon.co.jp/%E3%83%90%E3%83%B3%E3%83%80%E3%82%A4-BANDAI-Tamagotchi-Paradise-%E3%80%90%E6%97%A5%E6%9C%AC%E3%81%8A%E3%82%82%E3%81%A1%E3%82%83%E5%A4%A7%E8%B3%9E2025%E3%83%87%E3%82%B8%E3%82%BF%E3%83%AB%E9%83%A8%E9%96%80%E5%A4%A7%E8%B3%9E%E3%80%91/dp/B0F8H35HG3, [手動修正],
Tamagotchi Paradise Jade Forest,5478,2000-01-01,https://www.amazon.co.jp/%E3%83%90%E3%83%B3%E3%83%80%E3%82%A4-BANDAI-Tamagotchi-Paradise-%E3%81%9F%E3%81%BE%E3%81%94%E3%81%A3%E3%81%A1%E3%83%91%E3%83%A9%E3%83%80%E3%82%A4%E3%82%B9/dp/B0FRLTC7GM, [手動修正],
PlayStation5 デジタルエディション 日本語専用,55000,2000-01-01,https://www.playstation.com/ja-jp/ps5/,PlayStation 5 デジタル・エディション 日本語専用 CFI-2200B01,
PlayStation5 デジタル ダブルパック 日本語専用,79980,2000-01-01,manual,PlayStation 5 デジタルED ダブルパック 日本語専用 CFIJ-10032,
iPhone 17 Pro Max 256GB シルバー,194800,2025-09-19,manual,Apple Japan MSRP,
iPhone 17 Pro Max 256GB ディープブルー,194800,2025-09-19,manual,Apple Japan MSRP,
iPhone 17 Pro Max 256GB コズミックオレンジ,194800,2025-09-19,manual,Apple Japan MSRP,
iPhone 17 Pro Max 512GB シルバー,229800,2025-09-19,manual,Apple Japan MSRP,
iPhone 17 Pro Max 512GB ディープブルー,229800,2025-09-19,manual,Apple Japan MSRP,
iPhone 17 Pro Max 512GB コズミックオレンジ,229800,2025-09-19,manual,Apple Japan MSRP,
iPhone 17 Pro Max 1TB シルバー,264800,2025-09-19,manual,Apple Japan MSRP,
iPhone 17 Pro Max 1TB ディープブルー,264800,2025-09-19,manual,Apple Japan MSRP,
iPhone 17 Pro Max 1TB コズミックオレンジ,264800,2025-09-19,manual,Apple Japan MSRP,
iPhone 17 Pro Max 2TB シルバー,329800,2025-09-19,manual,Apple Japan MSRP,
iPhone 17 Pro Max 2TB ディープブルー,329800,2025-09-19,manual,Apple Japan MSRP,
iPhone 17 Pro Max 2TB コズミックオレンジ,329800,2025-09-19,manual,Apple Japan MSRP,
iPhone 17 Pro 256GB シルバー,179800,2025-09-19,manual,Apple Japan MSRP,
iPhone 17 Pro 256GB ディープブルー,179800,2025-09-19,manual,Apple Japan MSRP,
iPhone 17 Pro 256GB コズミックオレンジ,179800,2025-09-19,manual,Apple Japan MSRP,
iPhone 17 Pro 512GB シルバー,214800,2025-09-19,manual,Apple Japan MSRP,
iPhone 17 Pro 512GB ディープブルー,214800,2025-09-19,manual,Apple Japan MSRP,
iPhone 17 Pro 512GB コズミックオレンジ,214800,2025-09-19,manual,Apple Japan MSRP,
iPhone 17 Pro 1TB シルバー,249800,2025-09-19,manual,Apple Japan MSRP,
iPhone 17 Pro 1TB ディープブルー,249800,2025-09-19,manual,Apple Japan MSRP,
iPhone 17 Pro 1TB コズミックオレンジ,249800,2025-09-19,manual,Apple Japan MSRP,
PlayStation5,97980,2026-04-02,https://blog.ja.playstation.com/2026/03/27/20260327-ps5-price-update-o/,Sony PS5 価格改定 2026-04-02,
PlayStation5 デジタルエディション,89980,2026-04-02,https://blog.ja.playstation.com/2026/03/27/20260327-ps5-price-update-o/,Sony PS5 価格改定 2026-04-02,
